gen,best,avg,median,worst,feasible_count,hard_feasible_count,soft_penalty_count,A_count,B_count,C_count,individuals_with_B,individuals_with_C,individuals_all_A,b_success,b_infeasible,b_repaired,c_success,c_infeasible,c_repaired,best_A_count,best_B_count,best_C_count,truck_distance,uav_distance,energy,plan_completion_time,air_ground_reward,penalty,elapsed,avg_B_candidate_score,b_candidate_accepted_count,b_decoded_success_count,b_failure_reasons,b_gene_count_in_population,b_individual_count,best_B_candidate_score,c_candidate_accepted_count,c_decoded_success_count,c_failure_reasons,c_gene_count_in_population,closure_route_cost,delay_cost,early_stop_reason,early_stop_triggered,energy_cost,final_return_penalty,infeasible_penalty,last_improvement_gen,min_fitness,mutation_b_added,mutation_b_removed,no_improvement_count,orders_where_B_feasible,population_size,raw_truck_distance,raw_uav_distance,repair_penalty,residual_cost,seconds_per_generation,station_queue_penalty,time_cost,total_fitness,truck_distance_cost,uav_distance_cost,unserved_penalty,waiting_cost
0,2321.897222519011,260431.77957063372,301295.4401646778,602608.706259651,22,22,58,469,147,184,51,45,15,50,97,0,76,108,68,10,0,0,22774.592522295537,0.0,341.61888783443305,1980.2783346845779,0.0,0,48.138877868652344,-678.2371030467774,50,50,"{'payload_exceed': 96, 'energy_not_enough': 1}",147,51,-927.2693141808177,76,76,"{'drone_not_at_independent_node': 45, 'payload_exceed': 63}",184,0.0,0.0,,False,341.61888783443305,0.0,0.0,0,2321.897222519011,0,0,0,"['ORD-STATIC-01', 'ORD-STATIC-03', 'ORD-STATIC-04', 'ORD-STATIC-05', 'ORD-STATIC-09', 'ORD-STATIC-10']",80,22774.592522295537,0.0,0.0,0.0,0.0,0.0,1980.2783346845779,2321.897222519011,0.0,0.0,0.0,0.0
1,1361.9366149651753,117301.14249302675,103342.70885745165,305105.071818081,24,24,56,620,80,100,46,49,17,41,39,0,49,51,43,9,1,0,24889.18150817067,3057.925910950266,373.43744698568383,1917.9015372382644,1000.0,0,54.525529861450195,-395.25063805253893,41,41,"{'payload_exceed': 38, 'energy_not_enough': 1}",80,46,-968.9114600111681,49,49,"{'payload_exceed': 38, 'drone_not_at_independent_node': 13}",100,0.0,0.0,,False,373.43744698568383,0.0,0.0,1,1361.9366149651753,16,9,0,"['ORD-STATIC-01', 'ORD-STATIC-03', 'ORD-STATIC-04', 'ORD-STATIC-05', 'ORD-STATIC-09', 'ORD-STATIC-10']",80,24889.18150817067,3057.925910950266,0.0,2.2737367544323206e-13,6.386651992797852,0.0,1917.9015372382644,1361.9366149651753,0.0,0.0,0.0,70.59763074122702
2,-517.7466499900788,99503.90201098663,102950.60316756055,302894.86674891575,20,20,60,639,64,97,39,53,15,39,25,0,46,51,43,4,5,1,38147.76283664492,17762.24232088042,573.977827898515,2809.379088619969,5000.0,1000.5,60.69849920272827,-830.8255571229579,39,39,{'payload_exceed': 25},64,39,-951.2889560406659,46,46,"{'payload_exceed': 41, 'drone_not_at_independent_node': 10}",97,0.0,0.0,,False,573.977827898515,0.0,0.0,2,-517.7466499900788,37,19,0,"['ORD-STATIC-01', 'ORD-STATIC-03', 'ORD-STATIC-04', 'ORD-STATIC-05', 'ORD-STATIC-09', 'ORD-STATIC-10']",80,38147.76283664492,17762.24232088042,1000.0,-4.547473508864641e-13,6.170963287353516,0.5,2809.379088619969,-517.7466499900788,0.0,0.0,0.0,98.39643349143728
3,-517.7466499900788,83547.44978282574,101937.09708576248,302679.6055021526,18,18,62,625,85,90,50,55,12,54,31,0,57,33,53,4,5,1,38147.76283664492,17762.24232088042,573.977827898515,2809.379088619969,5000.0,1000.5,67.5312647819519,-549.8407888442223,54,54,{'payload_exceed': 31},85,50,-945.1965531288171,57,57,"{'payload_exceed': 25, 'drone_not_at_independent_node': 8}",90,0.0,0.0,,False,573.977827898515,0.0,0.0,2,-517.7466499900788,66,27,1,"['ORD-STATIC-01', 'ORD-STATIC-03', 'ORD-STATIC-04', 'ORD-STATIC-05', 'ORD-STATIC-09', 'ORD-STATIC-10']",80,38147.76283664492,17762.24232088042,1000.0,-4.547473508864641e-13,6.834026336669922,0.5,2809.379088619969,-517.7466499900788,0.0,0.0,0.0,98.39643349143728
4,-517.7466499900788,65753.96359783082,101533.43422455603,204459.89766861332,23,23,57,633,96,71,56,43,9,70,26,0,47,24,40,4,5,1,38147.76283664492,17762.24232088042,573.977827898515,2809.379088619969,5000.0,1000.5,74.60527801513672,-877.1330833385176,70,70,{'payload_exceed': 26},96,56,-968.911460011168,47,47,"{'payload_exceed': 13, 'drone_not_at_independent_node': 11}",71,0.0,0.0,,False,573.977827898515,0.0,0.0,2,-517.7466499900788,90,33,2,"['ORD-STATIC-01', 'ORD-STATIC-03', 'ORD-STATIC-04', 'ORD-STATIC-05', 'ORD-STATIC-09', 'ORD-STATIC-10']",80,38147.76283664492,17762.24232088042,1000.0,-4.547473508864641e-13,7.074758529663086,0.5,2809.379088619969,-517.7466499900788,0.0,0.0,0.0,98.39643349143728
5,-517.7466499900788,62046.04439926245,7610.969646871712,302637.9020893885,26,26,54,581,150,69,65,47,7,126,24,0,46,23,44,4,5,1,38147.76283664492,17762.24232088042,573.977827898515,2809.379088619969,5000.0,1000.5,81.99394369125366,-871.89153569786,126,126,{'payload_exceed': 24},150,65,-968.9114600111681,46,46,"{'drone_not_at_independent_node': 6, 'payload_exceed': 17}",69,0.0,0.0,,False,573.977827898515,0.0,0.0,2,-517.7466499900788,114,49,3,"['ORD-STATIC-01', 'ORD-STATIC-03', 'ORD-STATIC-04', 'ORD-STATIC-05', 'ORD-STATIC-09', 'ORD-STATIC-10']",80,38147.76283664492,17762.24232088042,1000.0,-4.547473508864641e-13,7.38766622543335,0.5,2809.379088619969,-517.7466499900788,0.0,0.0,0.0,98.39643349143728
6,-517.7466499900788,64517.69676479432,6255.636962034057,302271.222277819,22,22,58,538,180,82,73,54,2,158,22,0,55,27,52,4,5,1,38147.76283664492,17762.24232088042,573.977827898515,2809.379088619969,5000.0,1000.5,89.2452142238617,-811.6669506102967,158,158,"{'payload_exceed': 21, 'energy_not_enough': 1}",180,73,-968.9114600111681,55,55,"{'payload_exceed': 22, 'drone_not_at_independent_node': 5}",82,0.0,0.0,,False,573.977827898515,0.0,0.0,2,-517.7466499900788,139,62,4,"['ORD-STATIC-01', 'ORD-STATIC-03', 'ORD-STATIC-04', 'ORD-STATIC-05', 'ORD-STATIC-09', 'ORD-STATIC-10']",80,38147.76283664492,17762.24232088042,1000.0,-4.547473508864641e-13,7.252269983291626,0.5,2809.379088619969,-517.7466499900788,0.0,0.0,0.0,98.39643349143728
7,-517.7466499900788,70720.87814843972,100035.1852782531,301342.9429851496,11,11,69,483,218,99,79,62,0,190,28,0,72,27,64,4,5,1,38147.76283664492,17762.24232088042,573.977827898515,2809.379088619969,5000.0,1000.5,95.39412379264832,-869.210066744068,190,190,{'payload_exceed': 28},218,79,-945.1965531288172,72,72,"{'drone_not_at_independent_node': 13, 'payload_exceed': 14}",99,0.0,0.0,,False,573.977827898515,0.0,0.0,2,-517.7466499900788,163,85,5,"['ORD-STATIC-01', 'ORD-STATIC-03', 'ORD-STATIC-04', 'ORD-STATIC-05', 'ORD-STATIC-09', 'ORD-STATIC-10']",80,38147.76283664492,17762.24232088042,1000.0,-4.547473508864641e-13,6.148909568786621,0.5,2809.379088619969,-517.7466499900788,0.0,0.0,0.0,98.39643349143728
8,-517.7466499900788,72658.89086931542,59800.34062310916,302148.0731414491,18,18,62,460,243,97,78,62,0,216,27,0,68,29,62,4,5,1,38147.76283664492,17762.24232088042,573.977827898515,2809.379088619969,5000.0,1000.5,101.83246302604675,-896.0027477981982,216,216,"{'payload_exceed': 26, 'energy_not_enough': 1}",243,78,-955.3523270246319,68,68,"{'payload_exceed': 19, 'drone_not_at_independent_node': 10}",97,0.0,0.0,,False,573.977827898515,0.0,0.0,2,-517.7466499900788,187,105,6,"['ORD-STATIC-01', 'ORD-STATIC-03', 'ORD-STATIC-04', 'ORD-STATIC-05', 'ORD-STATIC-09', 'ORD-STATIC-10']",80,38147.76283664492,17762.24232088042,1000.0,-4.547473508864641e-13,6.4383392333984375,0.5,2809.379088619969,-517.7466499900788,0.0,0.0,0.0,98.39643349143728
9,-645.4876735705643,73392.20385761413,12296.453694951408,303467.60520652024,15,15,65,462,234,104,79,62,0,214,20,0,68,36,64,6,4,0,32361.482693178128,13070.995163322103,486.5544749207929,2638.380425067665,4000.0,0,108.16244983673096,-892.5219320155528,214,214,{'payload_exceed': 20},234,79,-955.3523270246319,68,68,"{'drone_not_at_independent_node': 12, 'payload_exceed': 24}",104,0.0,0.0,,False,486.5544749207929,0.0,0.0,9,-645.4876735705643,203,127,0,"['ORD-STATIC-01', 'ORD-STATIC-03', 'ORD-STATIC-04', 'ORD-STATIC-05', 'ORD-STATIC-09', 'ORD-STATIC-10']",80,32361.482693178128,13070.995163322103,0.0,-4.547473508864641e-13,6.329986810684204,0.0,2638.380425067665,-645.4876735705643,0.0,0.0,0.0,229.5774264409782
10,-645.4876735705643,62851.88348208855,8818.365619181659,302252.9428143154,16,16,64,472,233,95,77,62,0,214,19,0,66,29,64,6,4,0,32361.482693178128,13070.995163322103,486.5544749207929,2638.380425067665,4000.0,0,114.61208176612854,-894.7367531456962,214,214,{'payload_exceed': 19},233,77,-955.3523270246319,66,66,"{'payload_exceed': 20, 'drone_not_at_independent_node': 9}",95,0.0,0.0,,False,486.5544749207929,0.0,0.0,9,-645.4876735705643,219,150,1,"['ORD-STATIC-01', 'ORD-STATIC-03', 'ORD-STATIC-04', 'ORD-STATIC-05', 'ORD-STATIC-09', 'ORD-STATIC-10']",80,32361.482693178128,13070.995163322103,0.0,-4.547473508864641e-13,6.449631929397583,0.0,2638.380425067665,-645.4876735705643,0.0,0.0,0.0,229.5774264409782
11,-645.4876735705643,81979.02344308535,101118.08069183587,399691.33115234406,8,8,72,435,243,122,79,68,0,221,22,0,81,41,76,6,4,0,32361.482693178128,13070.995163322103,486.5544749207929,2638.380425067665,4000.0,0,120.70256924629211,-889.7616041107295,221,221,{'payload_exceed': 22},243,79,-955.3523270246319,81,81,"{'payload_exceed': 25, 'drone_not_at_independent_node': 16}",122,0.0,0.0,,False,486.5544749207929,0.0,0.0,9,-645.4876735705643,243,177,2,"['ORD-STATIC-01', 'ORD-STATIC-03', 'ORD-STATIC-04', 'ORD-STATIC-05', 'ORD-STATIC-09', 'ORD-STATIC-10']",80,32361.482693178128,13070.995163322103,0.0,-4.547473508864641e-13,6.090487480163574,0.0,2638.380425067665,-645.4876735705643,0.0,0.0,0.0,229.5774264409782
12,-779.5235388028664,66301.02565271509,10820.32148737977,208290.18027817403,15,15,65,452,239,109,78,61,0,227,12,0,70,39,65,6,4,0,33717.18861921179,10623.772543064628,506.74318377033944,2633.475756958901,4000.0,0,126.92702412605286,-896.5934373346846,227,227,{'payload_exceed': 12},239,78,-955.3523270246319,70,70,"{'drone_not_at_independent_node': 16, 'payload_exceed': 23}",109,0.0,0.0,,False,506.74318377033944,0.0,0.0,12,-779.5235388028664,255,204,0,"['ORD-STATIC-01', 'ORD-STATIC-03', 'ORD-STATIC-04', 'ORD-STATIC-05', 'ORD-STATIC-09', 'ORD-STATIC-10']",80,33717.18861921179,10623.772543064628,0.0,-4.547473508864641e-13,6.224454879760742,0.0,2633.475756958901,-779.5235388028664,0.0,0.0,0.0,80.25752046789353
13,-1631.6136572750556,71939.77124689845,99741.66024256176,302078.3936784264,18,18,62,431,278,91,80,52,0,253,25,0,61,30,59,5,5,0,33399.98210340145,13681.698454014895,502.084810396308,2715.4463811195164,5000.0,0,133.2189633846283,-892.9086610683274,253,253,"{'payload_exceed': 24, 'energy_not_enough': 1}",278,80,-949.6031734720996,61,61,"{'payload_exceed': 18, 'drone_not_at_independent_node': 12}",91,0.0,0.0,,False,502.084810396308,0.0,0.0,13,-1631.6136572750556,275,228,0,"['ORD-STATIC-01', 'ORD-STATIC-03', 'ORD-STATIC-04', 'ORD-STATIC-05', 'ORD-STATIC-09', 'ORD-STATIC-10']",80,33399.98210340145,13681.698454014895,0.0,-9.094947017729282e-13,6.2919392585754395,0.0,2715.4463811195164,-1631.6136572750556,0.0,0.0,0.0,150.85515120912055
14,-1631.6136572750556,63546.35613194478,99605.14751602174,301184.7522632575,22,22,58,444,282,74,80,48,0,262,20,0,45,29,43,5,5,0,33399.98210340145,13681.698454014895,502.084810396308,2715.4463811195164,5000.0,0,139.70685362815857,-900.8034787904295,262,262,"{'payload_exceed': 19, 'energy_not_enough': 1}",282,80,-965.0840470811244,45,45,"{'payload_exceed': 18, 'drone_not_at_independent_node': 11}",74,0.0,0.0,,False,502.084810396308,0.0,0.0,13,-1631.6136572750556,292,248,1,"['ORD-STATIC-01', 'ORD-STATIC-03', 'ORD-STATIC-04', 'ORD-STATIC-05', 'ORD-STATIC-09', 'ORD-STATIC-10']",80,33399.98210340145,13681.698454014895,0.0,-9.094947017729282e-13,6.487890243530273,0.0,2715.4463811195164,-1631.6136572750556,0.0,0.0,0.0,150.85515120912055
15,-1631.6136572750556,80496.29958297606,99370.29815751649,303539.8919447003,25,25,55,440,279,81,80,49,0,256,23,0,41,40,38,5,5,0,33399.98210340145,13681.698454014895,502.084810396308,2715.4463811195164,5000.0,0,146.0539927482605,-895.2783599116436,256,256,"{'energy_not_enough': 2, 'payload_exceed': 21}",279,80,-965.0840470811244,41,41,"{'payload_exceed': 30, 'drone_not_at_independent_node': 10}",81,0.0,0.0,,False,502.084810396308,0.0,0.0,13,-1631.6136572750556,306,284,2,"['ORD-STATIC-01', 'ORD-STATIC-03', 'ORD-STATIC-04', 'ORD-STATIC-05', 'ORD-STATIC-09', 'ORD-STATIC-10']",80,33399.98210340145,13681.698454014895,0.0,-9.094947017729282e-13,6.347139120101929,0.0,2715.4463811195164,-1631.6136572750556,0.0,0.0,0.0,150.85515120912055
16,-1631.6136572750556,54235.831322999984,3218.9720213862433,213432.70935757036,33,33,47,461,278,61,78,40,0,262,16,0,35,26,31,5,5,0,33399.98210340145,13681.698454014895,502.084810396308,2715.4463811195164,5000.0,0,152.65626406669617,-898.5510779236185,262,262,{'payload_exceed': 16},278,78,-949.5496630919694,35,35,"{'payload_exceed': 23, 'drone_not_at_independent_node': 3}",61,0.0,0.0,,False,502.084810396308,0.0,0.0,13,-1631.6136572750556,319,316,3,"['ORD-STATIC-01', 'ORD-STATIC-03', 'ORD-STATIC-04', 'ORD-STATIC-05', 'ORD-STATIC-09', 'ORD-STATIC-10']",80,33399.98210340145,13681.698454014895,0.0,-9.094947017729282e-13,6.602271318435669,0.0,2715.4463811195164,-1631.6136572750556,0.0,0.0,0.0,150.85515120912055
17,-1631.6136572750556,50628.01011544678,2940.1829463512704,300314.9020151181,38,38,42,444,305,51,78,39,0,287,18,0,30,21,25,5,5,0,33399.98210340145,13681.698454014895,502.084810396308,2715.4463811195164,5000.0,0,159.53032779693604,-901.2911984904375,287,287,"{'energy_not_enough': 1, 'payload_exceed': 17}",305,78,-949.5496630919694,30,30,"{'payload_exceed': 15, 'drone_not_at_independent_node': 6}",51,0.0,0.0,,False,502.084810396308,0.0,0.0,13,-1631.6136572750556,334,344,4,"['ORD-STATIC-01', 'ORD-STATIC-03', 'ORD-STATIC-04', 'ORD-STATIC-05', 'ORD-STATIC-09', 'ORD-STATIC-10']",80,33399.98210340145,13681.698454014895,0.0,-9.094947017729282e-13,6.873478174209595,0.0,2715.4463811195164,-1631.6136572750556,0.0,0.0,0.0,150.85515120912055
18,-1631.6136572750556,55507.74352473967,3955.7473082609717,300490.39350174385,34,34,46,440,296,64,80,45,0,281,15,0,36,28,31,5,5,0,33399.98210340145,13681.698454014895,502.084810396308,2715.4463811195164,5000.0,0,166.28328895568848,-898.0026548003973,281,281,"{'payload_exceed': 14, 'energy_not_enough': 1}",296,80,-949.5496630919694,36,36,"{'payload_exceed': 22, 'drone_not_at_independent_node': 6}",64,0.0,0.0,,False,502.084810396308,0.0,0.0,13,-1631.6136572750556,348,376,5,"['ORD-STATIC-01', 'ORD-STATIC-03', 'ORD-STATIC-04', 'ORD-STATIC-05', 'ORD-STATIC-09', 'ORD-STATIC-10']",80,33399.98210340145,13681.698454014895,0.0,-9.094947017729282e-13,6.753546714782715,0.0,2715.4463811195164,-1631.6136572750556,0.0,0.0,0.0,150.85515120912055
19,-1631.6136572750556,45158.54795191099,1727.450543680147,300758.558252693,33,33,47,446,291,63,80,46,0,274,17,0,45,18,36,5,5,0,33399.98210340145,13681.698454014895,502.084810396308,2715.4463811195164,5000.0,0,173.07408547401428,-905.5294892789913,274,274,"{'payload_exceed': 16, 'energy_not_enough': 1}",291,80,-949.5496630919694,45,45,"{'payload_exceed': 17, 'drone_not_at_independent_node': 1}",63,0.0,0.0,,False,502.084810396308,0.0,0.0,13,-1631.6136572750556,359,419,6,"['ORD-STATIC-01', 'ORD-STATIC-03', 'ORD-STATIC-04', 'ORD-STATIC-05', 'ORD-STATIC-09', 'ORD-STATIC-10']",80,33399.98210340145,13681.698454014895,0.0,-9.094947017729282e-13,6.785781383514404,0.0,2715.4463811195164,-1631.6136572750556,0.0,0.0,0.0,150.85515120912055
20,-1631.6136572750556,61122.85177354978,2198.7722183442056,302916.98076790123,30,30,50,449,279,72,79,48,0,260,19,0,43,29,33,5,5,0,33399.98210340145,13681.698454014895,502.084810396308,2715.4463811195164,5000.0,0,179.6869945526123,-899.2677078943105,260,260,"{'payload_exceed': 18, 'energy_not_enough': 1}",279,79,-947.5653220107545,43,43,"{'payload_exceed': 23, 'drone_not_at_independent_node': 6}",72,0.0,0.0,,False,502.084810396308,0.0,0.0,13,-1631.6136572750556,380,454,7,"['ORD-STATIC-01', 'ORD-STATIC-03', 'ORD-STATIC-04', 'ORD-STATIC-05', 'ORD-STATIC-09', 'ORD-STATIC-10']",80,33399.98210340145,13681.698454014895,0.0,-9.094947017729282e-13,6.617924213409424,0.0,2715.4463811195164,-1631.6136572750556,0.0,0.0,0.0,150.85515120912055
21,-1631.6136572750556,68633.8950568734,99416.44000496078,301176.6119200611,22,22,58,442,285,73,79,47,0,262,23,0,42,31,34,5,5,0,33399.98210340145,13681.698454014895,502.084810396308,2715.4463811195164,5000.0,0,186.16711378097534,-902.7460248639534,262,262,"{'payload_exceed': 19, 'energy_not_enough': 4}",285,79,-947.1890677126387,42,42,"{'payload_exceed': 23, 'drone_not_at_independent_node': 8}",73,0.0,0.0,,False,502.084810396308,0.0,0.0,13,-1631.6136572750556,402,490,8,"['ORD-STATIC-01', 'ORD-STATIC-03', 'ORD-STATIC-04', 'ORD-STATIC-05', 'ORD-STATIC-09', 'ORD-STATIC-10']",80,33399.98210340145,13681.698454014895,0.0,-9.094947017729282e-13,6.480119228363037,0.0,2715.4463811195164,-1631.6136572750556,0.0,0.0,0.0,150.85515120912055
22,-1631.6136572750556,69563.32972104236,6112.1549306762845,400406.6487177482,28,28,52,412,314,74,79,50,0,289,25,0,44,30,37,5,5,0,33399.98210340145,13681.698454014895,502.084810396308,2715.4463811195164,5000.0,0,192.76180601119995,-907.2801118707038,289,289,"{'payload_exceed': 21, 'energy_not_enough': 4}",314,79,-949.5496630919694,44,44,"{'payload_exceed': 24, 'drone_not_at_independent_node': 6}",74,0.0,0.0,,False,502.084810396308,0.0,0.0,13,-1631.6136572750556,417,529,9,"['ORD-STATIC-01', 'ORD-STATIC-03', 'ORD-STATIC-04', 'ORD-STATIC-05', 'ORD-STATIC-09', 'ORD-STATIC-10']",80,33399.98210340145,13681.698454014895,0.0,-9.094947017729282e-13,6.594692230224609,0.0,2715.4463811195164,-1631.6136572750556,0.0,0.0,0.0,150.85515120912055
23,-1631.6136572750556,68540.88713647731,99159.21427083126,201823.8879507907,22,22,58,395,333,72,80,47,0,306,27,0,45,27,41,5,5,0,33399.98210340145,13681.698454014895,502.084810396308,2715.4463811195164,5000.0,0,199.31317782402039,-908.3593443937755,306,306,"{'payload_exceed': 22, 'energy_not_enough': 5}",333,80,-947.1890677126387,45,45,"{'payload_exceed': 24, 'drone_not_at_independent_node': 3}",72,0.0,0.0,,False,502.084810396308,0.0,0.0,13,-1631.6136572750556,433,563,10,"['ORD-STATIC-01', 'ORD-STATIC-03', 'ORD-STATIC-04', 'ORD-STATIC-05', 'ORD-STATIC-09', 'ORD-STATIC-10']",80,33399.98210340145,13681.698454014895,0.0,-9.094947017729282e-13,6.551371812820435,0.0,2715.4463811195164,-1631.6136572750556,0.0,0.0,0.0,150.85515120912055
24,-1631.6136572750556,79610.67339913927,98933.45153469297,398718.83025741955,22,22,58,395,344,61,80,46,0,305,39,0,37,24,33,5,5,0,33399.98210340145,13681.698454014895,502.084810396308,2715.4463811195164,5000.0,0,205.8012089729309,-907.1682163412282,305,305,"{'payload_exceed': 35, 'energy_not_enough': 4}",344,80,-961.0329001123455,37,37,"{'payload_exceed': 22, 'drone_not_at_independent_node': 2}",61,0.0,0.0,,False,502.084810396308,0.0,0.0,13,-1631.6136572750556,457,606,11,"['ORD-STATIC-01', 'ORD-STATIC-03', 'ORD-STATIC-04', 'ORD-STATIC-05', 'ORD-STATIC-09', 'ORD-STATIC-10']",80,33399.98210340145,13681.698454014895,0.0,-9.094947017729282e-13,6.483020067214966,0.0,2715.4463811195164,-1631.6136572750556,0.0,0.0,0.0,150.85515120912055
25,-1631.6136572750556,67195.48252214461,98771.83760861897,300245.01041765104,24,24,56,411,315,74,80,48,0,291,24,0,45,29,38,5,5,0,33399.98210340145,13681.698454014895,502.084810396308,2715.4463811195164,5000.0,0,212.28554034233093,-902.7409898509269,291,291,"{'payload_exceed': 23, 'energy_not_enough': 1}",315,80,-959.3122015816264,45,45,"{'payload_exceed': 24, 'drone_not_at_independent_node': 5}",74,0.0,0.0,,False,502.084810396308,0.0,0.0,13,-1631.6136572750556,470,636,12,"['ORD-STATIC-01', 'ORD-STATIC-03', 'ORD-STATIC-04', 'ORD-STATIC-05', 'ORD-STATIC-09', 'ORD-STATIC-10']",80,33399.98210340145,13681.698454014895,0.0,-9.094947017729282e-13,6.488353252410889,0.0,2715.4463811195164,-1631.6136572750556,0.0,0.0,0.0,150.85515120912055
26,-1631.6136572750556,81057.82465356989,98969.62792410255,300345.39644462854,20,20,60,399,320,81,80,53,0,292,28,0,45,36,39,5,5,0,33399.98210340145,13681.698454014895,502.084810396308,2715.4463811195164,5000.0,0,218.68422412872314,-908.8157053006404,292,292,"{'payload_exceed': 26, 'energy_not_enough': 2}",320,80,-959.3122015816264,45,45,"{'payload_exceed': 28, 'drone_not_at_independent_node': 8}",81,0.0,0.0,,False,502.084810396308,0.0,0.0,13,-1631.6136572750556,491,677,13,"['ORD-STATIC-01', 'ORD-STATIC-03', 'ORD-STATIC-04', 'ORD-STATIC-05', 'ORD-STATIC-09', 'ORD-STATIC-10']",80,33399.98210340145,13681.698454014895,0.0,-9.094947017729282e-13,6.399672985076904,0.0,2715.4463811195164,-1631.6136572750556,0.0,0.0,0.0,150.85515120912055
27,-1631.6136572750556,56420.7819156365,3807.071057122809,400010.3234745614,32,32,48,423,321,56,80,42,0,295,26,0,38,18,30,5,5,0,33399.98210340145,13681.698454014895,502.084810396308,2715.4463811195164,5000.0,0,225.29215049743652,-903.5891131154851,295,295,"{'payload_exceed': 23, 'energy_not_enough': 3}",321,80,-967.4633242506206,38,38,"{'payload_exceed': 16, 'drone_not_at_independent_node': 2}",56,0.0,0.0,,False,502.084810396308,0.0,0.0,13,-1631.6136572750556,508,708,14,"['ORD-STATIC-01', 'ORD-STATIC-03', 'ORD-STATIC-04', 'ORD-STATIC-05', 'ORD-STATIC-09', 'ORD-STATIC-10']",80,33399.98210340145,13681.698454014895,0.0,-9.094947017729282e-13,6.607926368713379,0.0,2715.4463811195164,-1631.6136572750556,0.0,0.0,0.0,150.85515120912055
28,-1631.6136572750556,57327.02205215049,2908.253683908189,300225.8816729534,32,32,48,419,322,59,80,42,0,302,20,0,34,25,29,5,5,0,33399.98210340145,13681.698454014895,502.084810396308,2715.4463811195164,5000.0,0,231.78745770454407,-905.6289699185593,302,302,"{'payload_exceed': 19, 'energy_not_enough': 1}",322,80,-943.0036751594454,34,34,"{'payload_exceed': 22, 'drone_not_at_independent_node': 3}",59,0.0,0.0,,False,502.084810396308,0.0,0.0,13,-1631.6136572750556,527,736,15,"['ORD-STATIC-01', 'ORD-STATIC-03', 'ORD-STATIC-04', 'ORD-STATIC-05', 'ORD-STATIC-09', 'ORD-STATIC-10']",80,33399.98210340145,13681.698454014895,0.0,-9.094947017729282e-13,6.495307207107544,0.0,2715.4463811195164,-1631.6136572750556,0.0,0.0,0.0,150.85515120912055
29,-1631.6136572750556,76365.31106209653,99684.23206862313,301304.02531748306,24,24,56,426,319,55,80,39,0,287,32,0,27,28,26,5,5,0,33399.98210340145,13681.698454014895,502.084810396308,2715.4463811195164,5000.0,0,238.7260513305664,-900.6706397490365,287,287,"{'payload_exceed': 31, 'energy_not_enough': 1}",319,80,-965.089256726004,27,27,"{'payload_exceed': 26, 'drone_not_at_independent_node': 2}",55,0.0,0.0,,False,502.084810396308,0.0,0.0,13,-1631.6136572750556,550,767,16,"['ORD-STATIC-01', 'ORD-STATIC-03', 'ORD-STATIC-04', 'ORD-STATIC-05', 'ORD-STATIC-09', 'ORD-STATIC-10']",80,33399.98210340145,13681.698454014895,0.0,-9.094947017729282e-13,6.933547258377075,0.0,2715.4463811195164,-1631.6136572750556,0.0,0.0,0.0,150.85515120912055
30,-1631.6136572750556,66448.49317602353,12550.605123699019,500398.2358100879,28,28,52,424,320,56,80,41,0,293,27,0,31,25,30,5,5,0,33399.98210340145,13681.698454014895,502.084810396308,2715.4463811195164,5000.0,0,245.219877243042,-901.8098375551281,293,293,"{'payload_exceed': 26, 'energy_not_enough': 1}",320,80,-949.0848397596723,31,31,"{'payload_exceed': 19, 'drone_not_at_independent_node': 6}",56,0.0,0.0,,False,502.084810396308,0.0,0.0,13,-1631.6136572750556,566,798,17,"['ORD-STATIC-01', 'ORD-STATIC-03', 'ORD-STATIC-04', 'ORD-STATIC-05', 'ORD-STATIC-09', 'ORD-STATIC-10']",80,33399.98210340145,13681.698454014895,0.0,-9.094947017729282e-13,6.49887228012085,0.0,2715.4463811195164,-1631.6136572750556,0.0,0.0,0.0,150.85515120912055
31,-2202.673405331706,65695.11976589207,98887.6102434253,299747.5137767627,30,30,50,420,328,52,79,39,0,303,25,0,25,27,23,5,5,0,25685.13997067448,13105.922477812222,386.39299650181306,2162.271126302395,5000.0,0,251.7346954345703,-902.2202274297754,303,303,"{'payload_exceed': 23, 'energy_not_enough': 2}",328,79,-965.089256726004,25,25,"{'payload_exceed': 22, 'drone_not_at_independent_node': 5}",52,0.0,0.0,,False,386.39299650181306,0.0,0.0,31,-2202.673405331706,585,830,0,"['ORD-STATIC-01', 'ORD-STATIC-03', 'ORD-STATIC-04', 'ORD-STATIC-05', 'ORD-STATIC-09', 'ORD-STATIC-10']",80,25685.13997067448,13105.922477812222,0.0,0.0,6.51279354095459,0.0,2162.271126302395,-2202.673405331706,0.0,0.0,0.0,248.662471864086
32,-2202.673405331706,67174.20631014497,9896.189387167686,298563.36343410506,27,27,53,423,323,54,80,41,0,293,30,0,31,23,27,5,5,0,25685.13997067448,13105.922477812222,386.39299650181306,2162.271126302395,5000.0,0,258.2467110157013,-899.069707871635,293,293,"{'payload_exceed': 29, 'energy_not_enough': 1}",323,80,-947.1890677126387,31,31,"{'payload_exceed': 21, 'drone_not_at_independent_node': 2}",54,0.0,0.0,,False,386.39299650181306,0.0,0.0,31,-2202.673405331706,604,861,1,"['ORD-STATIC-01', 'ORD-STATIC-03', 'ORD-STATIC-04', 'ORD-STATIC-05', 'ORD-STATIC-09', 'ORD-STATIC-10']",80,25685.13997067448,13105.922477812222,0.0,0.0,6.514040231704712,0.0,2162.271126302395,-2202.673405331706,0.0,0.0,0.0,248.662471864086
33,-2637.0362636394825,55111.434962223364,2182.3850879520446,302144.70959173446,34,34,46,425,323,52,80,41,0,300,23,0,32,20,31,4,6,0,29939.864621237815,16287.66692336763,450.45579717758295,2569.274720324745,6000.0,0,264.68919706344604,-903.8710332654566,300,300,{'payload_exceed': 23},323,80,-965.089256726004,32,32,"{'payload_exceed': 19, 'drone_not_at_independent_node': 1}",52,0.0,0.0,,False,450.45579717758295,0.0,0.0,33,-2637.0362636394825,622,897,0,"['ORD-STATIC-01', 'ORD-STATIC-03', 'ORD-STATIC-04', 'ORD-STATIC-05', 'ORD-STATIC-09', 'ORD-STATIC-10']",80,29939.864621237815,16287.66692336763,0.0,-4.547473508864641e-13,6.442486047744751,0.0,2569.274720324745,-2637.0362636394825,0.0,0.0,0.0,343.23321885819
34,-2637.0362636394825,74085.90864282043,61396.81878235837,399561.39914207894,25,25,55,399,328,73,80,50,0,301,27,0,42,31,41,4,6,0,29939.864621237815,16287.66692336763,450.45579717758295,2569.274720324745,6000.0,0,271.2344551086426,-900.620609556808,301,301,{'payload_exceed': 27},328,80,-947.1890677126387,42,42,"{'payload_exceed': 25, 'drone_not_at_independent_node': 6}",73,0.0,0.0,,False,450.45579717758295,0.0,0.0,33,-2637.0362636394825,642,937,1,"['ORD-STATIC-01', 'ORD-STATIC-03', 'ORD-STATIC-04', 'ORD-STATIC-05', 'ORD-STATIC-09', 'ORD-STATIC-10']",80,29939.864621237815,16287.66692336763,0.0,-4.547473508864641e-13,6.545258045196533,0.0,2569.274720324745,-2637.0362636394825,0.0,0.0,0.0,343.23321885819
35,-2637.0362636394825,60390.516757055804,9800.182940923263,302764.39474948053,26,26,54,407,332,61,80,47,0,315,17,0,31,30,28,4,6,0,29939.864621237815,16287.66692336763,450.45579717758295,2569.274720324745,6000.0,0,277.78758120536804,-892.3643941990115,315,315,"{'payload_exceed': 16, 'energy_not_enough': 1}",332,80,-947.1890677126387,31,31,"{'payload_exceed': 27, 'drone_not_at_independent_node': 3}",61,0.0,0.0,,False,450.45579717758295,0.0,0.0,33,-2637.0362636394825,655,970,2,"['ORD-STATIC-01', 'ORD-STATIC-03', 'ORD-STATIC-04', 'ORD-STATIC-05', 'ORD-STATIC-09', 'ORD-STATIC-10']",80,29939.864621237815,16287.66692336763,0.0,-4.547473508864641e-13,6.553126096725464,0.0,2569.274720324745,-2637.0362636394825,0.0,0.0,0.0,343.23321885819
36,-2637.0362636394825,58851.26366600491,6036.362520009568,400118.42694878817,29,29,51,383,351,66,79,45,0,327,24,0,44,22,37,4,6,0,29939.864621237815,16287.66692336763,450.45579717758295,2569.274720324745,6000.0,0,284.22283148765564,-901.8296255819771,327,327,{'payload_exceed': 24},351,79,-965.089256726004,44,44,"{'payload_exceed': 16, 'drone_not_at_independent_node': 6}",66,0.0,0.0,,False,450.45579717758295,0.0,0.0,33,-2637.0362636394825,675,1008,3,"['ORD-STATIC-01', 'ORD-STATIC-03', 'ORD-STATIC-04', 'ORD-STATIC-05', 'ORD-STATIC-09', 'ORD-STATIC-10']",80,29939.864621237815,16287.66692336763,0.0,-4.547473508864641e-13,6.435250282287598,0.0,2569.274720324745,-2637.0362636394825,0.0,0.0,0.0,343.23321885819
37,-2637.0362636394825,78960.2860618083,98600.06581638998,498938.02849928546,29,29,51,375,365,60,80,40,0,330,35,0,33,27,30,4,6,0,29939.864621237815,16287.66692336763,450.45579717758295,2569.274720324745,6000.0,0,290.60049700737,-898.3606251829135,330,330,"{'payload_exceed': 33, 'energy_not_enough': 2}",365,80,-947.1890677126387,33,33,"{'payload_exceed': 23, 'drone_not_at_independent_node': 4}",60,0.0,0.0,,False,450.45579717758295,0.0,0.0,33,-2637.0362636394825,696,1043,4,"['ORD-STATIC-01', 'ORD-STATIC-03', 'ORD-STATIC-04', 'ORD-STATIC-05', 'ORD-STATIC-09', 'ORD-STATIC-10']",80,29939.864621237815,16287.66692336763,0.0,-4.547473508864641e-13,6.3776655197143555,0.0,2569.274720324745,-2637.0362636394825,0.0,0.0,0.0,343.23321885819
38,-2637.0362636394825,56020.411606125184,6464.204568293142,201321.28641114067,28,28,52,397,337,66,80,47,0,324,13,0,35,31,31,4,6,0,29939.864621237815,16287.66692336763,450.45579717758295,2569.274720324745,6000.0,0,297.17914152145386,-905.2349621914166,324,324,{'payload_exceed': 13},337,80,-947.1890677126387,35,35,"{'payload_exceed': 22, 'drone_not_at_independent_node': 9}",66,0.0,0.0,,False,450.45579717758295,0.0,0.0,33,-2637.0362636394825,704,1089,5,"['ORD-STATIC-01', 'ORD-STATIC-03', 'ORD-STATIC-04', 'ORD-STATIC-05', 'ORD-STATIC-09', 'ORD-STATIC-10']",80,29939.864621237815,16287.66692336763,0.0,-4.547473508864641e-13,6.578137397766113,0.0,2569.274720324745,-2637.0362636394825,0.0,0.0,0.0,343.23321885819
39,-2637.0362636394825,64202.35651717156,98795.96550914156,300273.7362428073,26,26,54,405,327,68,80,45,0,300,27,0,45,23,40,4,6,0,29939.864621237815,16287.66692336763,450.45579717758295,2569.274720324745,6000.0,0,303.6801257133484,-894.1402110096129,300,300,"{'payload_exceed': 26, 'energy_not_enough': 1}",327,80,-951.4007240464058,45,45,"{'payload_exceed': 18, 'drone_not_at_independent_node': 5}",68,0.0,0.0,,False,450.45579717758295,0.0,0.0,33,-2637.0362636394825,720,1127,6,"['ORD-STATIC-01', 'ORD-STATIC-03', 'ORD-STATIC-04', 'ORD-STATIC-05', 'ORD-STATIC-09', 'ORD-STATIC-10']",80,29939.864621237815,16287.66692336763,0.0,-4.547473508864641e-13,6.50149130821228,0.0,2569.274720324745,-2637.0362636394825,0.0,0.0,0.0,343.23321885819
40,-2637.0362636394825,70455.61824669316,98925.13826631219,302362.64533439797,18,18,62,384,342,74,80,48,0,315,27,0,46,28,42,4,6,0,29939.864621237815,16287.66692336763,450.45579717758295,2569.274720324745,6000.0,0,310.24967074394226,-897.7321687573095,315,315,{'payload_exceed': 27},342,80,-947.1890677126387,46,46,"{'payload_exceed': 21, 'drone_not_at_independent_node': 7}",74,0.0,0.0,,False,450.45579717758295,0.0,0.0,33,-2637.0362636394825,735,1159,7,"['ORD-STATIC-01', 'ORD-STATIC-03', 'ORD-STATIC-04', 'ORD-STATIC-05', 'ORD-STATIC-09', 'ORD-STATIC-10']",80,29939.864621237815,16287.66692336763,0.0,-4.547473508864641e-13,6.569545030593872,0.0,2569.274720324745,-2637.0362636394825,0.0,0.0,0.0,343.23321885819
41,-2637.0362636394825,60421.06001765981,8199.239658189537,300148.0651188399,26,26,54,386,349,65,80,48,0,324,25,0,43,22,42,4,6,0,29939.864621237815,16287.66692336763,450.45579717758295,2569.274720324745,6000.0,0,316.9265477657318,-900.4346361699834,324,324,"{'payload_exceed': 23, 'energy_not_enough': 2}",349,80,-947.1890677126387,43,43,"{'payload_exceed': 19, 'drone_not_at_independent_node': 3}",65,0.0,0.0,,False,450.45579717758295,0.0,0.0,33,-2637.0362636394825,749,1198,8,"['ORD-STATIC-01', 'ORD-STATIC-03', 'ORD-STATIC-04', 'ORD-STATIC-05', 'ORD-STATIC-09', 'ORD-STATIC-10']",80,29939.864621237815,16287.66692336763,0.0,-4.547473508864641e-13,6.676877021789551,0.0,2569.274720324745,-2637.0362636394825,0.0,0.0,0.0,343.23321885819
42,-2637.0362636394825,57452.45317034931,7983.191313716565,203855.35064578682,26,26,54,362,366,72,80,48,0,349,17,0,44,28,41,4,6,0,29939.864621237815,16287.66692336763,450.45579717758295,2569.274720324745,6000.0,0,323.6145944595337,-901.9253340038498,349,349,"{'energy_not_enough': 1, 'payload_exceed': 16}",366,80,-960.918376823905,44,44,"{'payload_exceed': 23, 'drone_not_at_independent_node': 5}",72,0.0,0.0,,False,450.45579717758295,0.0,0.0,33,-2637.0362636394825,760,1232,9,"['ORD-STATIC-01', 'ORD-STATIC-03', 'ORD-STATIC-04', 'ORD-STATIC-05', 'ORD-STATIC-09', 'ORD-STATIC-10']",80,29939.864621237815,16287.66692336763,0.0,-4.547473508864641e-13,6.68804669380188,0.0,2569.274720324745,-2637.0362636394825,0.0,0.0,0.0,343.23321885819
43,-2637.0362636394825,58203.83034348509,3845.0721943398503,202754.6992756635,28,28,52,356,371,73,80,50,0,351,20,0,47,26,42,4,6,0,29939.864621237815,16287.66692336763,450.45579717758295,2569.274720324745,6000.0,0,330.04962682724,-902.0984534108662,351,351,"{'payload_exceed': 16, 'energy_not_enough': 4}",371,80,-940.3877903972912,47,47,"{'payload_exceed': 22, 'drone_not_at_independent_node': 4}",73,0.0,0.0,,False,450.45579717758295,0.0,0.0,33,-2637.0362636394825,769,1270,10,"['ORD-STATIC-01', 'ORD-STATIC-03', 'ORD-STATIC-04', 'ORD-STATIC-05', 'ORD-STATIC-09', 'ORD-STATIC-10']",80,29939.864621237815,16287.66692336763,0.0,-4.547473508864641e-13,6.435032367706299,0.0,2569.274720324745,-2637.0362636394825,0.0,0.0,0.0,343.23321885819
44,-2741.3764845551163,60835.86640725896,3823.4510859912907,501551.25523665466,30,30,50,365,373,62,80,42,0,345,28,0,42,20,36,4,6,0,26883.21557118268,16630.796462337545,404.5783568339508,2565.792036471585,6000.0,0,336.9186341762543,-901.9929146002727,345,345,"{'payload_exceed': 25, 'energy_not_enough': 3}",373,80,-940.3877903972912,42,42,"{'payload_exceed': 13, 'drone_not_at_independent_node': 7}",62,0.0,0.0,,False,404.5783568339508,0.0,0.0,44,-2741.3764845551163,786,1305,0,"['ORD-STATIC-01', 'ORD-STATIC-03', 'ORD-STATIC-04', 'ORD-STATIC-05', 'ORD-STATIC-09', 'ORD-STATIC-10']",80,26883.21557118268,16630.796462337545,0.0,4.547473508864641e-13,6.869007349014282,0.0,2565.792036471585,-2741.3764845551163,0.0,0.0,0.0,288.2531221393476
45,-2741.3764845551163,54723.80633969632,2528.404050966473,203376.45387844156,28,28,52,367,370,63,80,43,0,351,19,0,39,24,36,4,6,0,26883.21557118268,16630.796462337545,404.5783568339508,2565.792036471585,6000.0,0,344.1694643497467,-901.3735742781085,351,351,"{'payload_exceed': 17, 'energy_not_enough': 2}",370,80,-941.6100902848365,39,39,"{'payload_exceed': 20, 'drone_not_at_independent_node': 4}",63,0.0,0.0,,False,404.5783568339508,0.0,0.0,44,-2741.3764845551163,797,1338,1,"['ORD-STATIC-01', 'ORD-STATIC-03', 'ORD-STATIC-04', 'ORD-STATIC-05', 'ORD-STATIC-09', 'ORD-STATIC-10']",80,26883.21557118268,16630.796462337545,0.0,4.547473508864641e-13,7.250830173492432,0.0,2565.792036471585,-2741.3764845551163,0.0,0.0,0.0,288.2531221393476
46,-2741.3764845551163,66865.86896147043,59298.156354541105,298561.8707338728,25,25,55,347,398,55,80,41,0,366,32,0,34,21,33,4,6,0,26883.21557118268,16630.796462337545,404.5783568339508,2565.792036471585,6000.0,0,350.78628730773926,-908.1826093363417,366,366,"{'payload_exceed': 29, 'energy_not_enough': 3}",398,80,-953.2296465662658,34,34,"{'payload_exceed': 17, 'drone_not_at_independent_node': 4}",55,0.0,0.0,,False,404.5783568339508,0.0,0.0,44,-2741.3764845551163,816,1377,2,"['ORD-STATIC-01', 'ORD-STATIC-03', 'ORD-STATIC-04', 'ORD-STATIC-05', 'ORD-STATIC-09', 'ORD-STATIC-10']",80,26883.21557118268,16630.796462337545,0.0,4.547473508864641e-13,6.614817380905151,0.0,2565.792036471585,-2741.3764845551163,0.0,0.0,0.0,288.2531221393476
47,-2741.3764845551163,57924.74159935323,6017.956266390154,300423.8653808528,28,28,52,362,376,62,80,43,0,350,26,0,43,19,39,4,6,0,26883.21557118268,16630.796462337545,404.5783568339508,2565.792036471585,6000.0,0,357.7693729400635,-907.9048424043906,350,350,"{'payload_exceed': 25, 'energy_not_enough': 1}",376,80,-940.3877903972912,43,43,"{'payload_exceed': 12, 'drone_not_at_independent_node': 7}",62,0.0,0.0,,False,404.5783568339508,0.0,0.0,44,-2741.3764845551163,837,1431,3,"['ORD-STATIC-01', 'ORD-STATIC-03', 'ORD-STATIC-04', 'ORD-STATIC-05', 'ORD-STATIC-09', 'ORD-STATIC-10']",80,26883.21557118268,16630.796462337545,0.0,4.547473508864641e-13,6.985091209411621,0.0,2565.792036471585,-2741.3764845551163,0.0,0.0,0.0,288.2531221393476
48,-2741.3764845551163,51433.992551828436,2271.743264699618,399289.0895754954,32,32,48,354,382,64,80,41,0,365,17,0,41,23,36,4,6,0,26883.21557118268,16630.796462337545,404.5783568339508,2565.792036471585,6000.0,0,364.57599401474,-905.8280994977365,365,365,"{'payload_exceed': 15, 'energy_not_enough': 2}",382,80,-940.3877903972912,41,41,"{'payload_exceed': 16, 'drone_not_at_independent_node': 7}",64,0.0,0.0,,False,404.5783568339508,0.0,0.0,44,-2741.3764845551163,848,1461,4,"['ORD-STATIC-01', 'ORD-STATIC-03', 'ORD-STATIC-04', 'ORD-STATIC-05', 'ORD-STATIC-09', 'ORD-STATIC-10']",80,26883.21557118268,16630.796462337545,0.0,4.547473508864641e-13,6.806621074676514,0.0,2565.792036471585,-2741.3764845551163,0.0,0.0,0.0,288.2531221393476
49,-2741.3764845551163,74470.66824322565,11546.28492083157,302632.08551688027,24,24,56,353,379,68,80,47,0,349,30,0,40,28,36,4,6,0,26883.21557118268,16630.796462337545,404.5783568339508,2565.792036471585,6000.0,0,371.24425292015076,-903.4452355395739,349,349,"{'payload_exceed': 21, 'energy_not_enough': 9}",379,80,-940.3877903972912,40,40,"{'payload_exceed': 24, 'drone_not_at_independent_node': 4}",68,0.0,0.0,,False,404.5783568339508,0.0,0.0,44,-2741.3764845551163,860,1510,5,"['ORD-STATIC-01', 'ORD-STATIC-03', 'ORD-STATIC-04', 'ORD-STATIC-05', 'ORD-STATIC-09', 'ORD-STATIC-10']",80,26883.21557118268,16630.796462337545,0.0,4.547473508864641e-13,6.668258905410767,0.0,2565.792036471585,-2741.3764845551163,0.0,0.0,0.0,288.2531221393476
50,-2741.3764845551163,61200.47694349049,13137.294275673641,299907.7402232887,26,26,54,363,368,69,80,44,0,345,23,0,44,25,39,4,6,0,26883.21557118268,16630.796462337545,404.5783568339508,2565.792036471585,6000.0,0,378.05253529548645,-903.6912218706109,345,345,"{'payload_exceed': 19, 'energy_not_enough': 4}",368,80,-953.0076964272821,44,44,"{'payload_exceed': 16, 'drone_not_at_independent_node': 9}",69,0.0,0.0,,False,404.5783568339508,0.0,0.0,44,-2741.3764845551163,876,1555,6,"['ORD-STATIC-01', 'ORD-STATIC-03', 'ORD-STATIC-04', 'ORD-STATIC-05', 'ORD-STATIC-09', 'ORD-STATIC-10']",80,26883.21557118268,16630.796462337545,0.0,4.547473508864641e-13,6.803249359130859,0.0,2565.792036471585,-2741.3764845551163,0.0,0.0,0.0,288.2531221393476
51,-2741.3764845551163,47912.65911779835,2357.35114412034,297956.99250592256,35,35,45,370,379,51,79,38,0,359,20,0,33,18,30,4,6,0,26883.21557118268,16630.796462337545,404.5783568339508,2565.792036471585,6000.0,0,385.07981610298157,-913.361750681522,359,359,"{'payload_exceed': 19, 'energy_not_enough': 1}",379,79,-962.6653774255916,33,33,"{'payload_exceed': 14, 'drone_not_at_independent_node': 4}",51,0.0,0.0,,False,404.5783568339508,0.0,0.0,44,-2741.3764845551163,887,1600,7,"['ORD-STATIC-01', 'ORD-STATIC-03', 'ORD-STATIC-04', 'ORD-STATIC-05', 'ORD-STATIC-09', 'ORD-STATIC-10']",80,26883.21557118268,16630.796462337545,0.0,4.547473508864641e-13,7.03179407119751,0.0,2565.792036471585,-2741.3764845551163,0.0,0.0,0.0,288.2531221393476
52,-2741.3764845551163,58814.53389066106,2324.779440784365,298841.0633006942,29,29,51,363,388,49,80,38,0,362,26,0,29,20,28,4,6,0,26883.21557118268,16630.796462337545,404.5783568339508,2565.792036471585,6000.0,0,392.25393748283386,-910.1079619178897,362,362,"{'payload_exceed': 25, 'energy_not_enough': 1}",388,80,-953.0076964272821,29,29,"{'payload_exceed': 18, 'drone_not_at_independent_node': 2}",49,0.0,0.0,,False,404.5783568339508,0.0,0.0,44,-2741.3764845551163,901,1628,8,"['ORD-STATIC-01', 'ORD-STATIC-03', 'ORD-STATIC-04', 'ORD-STATIC-05', 'ORD-STATIC-09', 'ORD-STATIC-10']",80,26883.21557118268,16630.796462337545,0.0,4.547473508864641e-13,7.174641132354736,0.0,2565.792036471585,-2741.3764845551163,0.0,0.0,0.0,288.2531221393476
53,-2741.3764845551163,63506.606360682505,98732.14998213763,204125.12150659552,24,24,56,373,363,64,80,44,0,342,21,0,35,29,32,4,6,0,26883.21557118268,16630.796462337545,404.5783568339508,2565.792036471585,6000.0,0,399.0509579181671,-904.4279574071559,342,342,"{'payload_exceed': 19, 'energy_not_enough': 2}",363,80,-940.3877903972912,35,35,"{'payload_exceed': 27, 'drone_not_at_independent_node': 2}",64,0.0,0.0,,False,404.5783568339508,0.0,0.0,44,-2741.3764845551163,911,1665,9,"['ORD-STATIC-01', 'ORD-STATIC-03', 'ORD-STATIC-04', 'ORD-STATIC-05', 'ORD-STATIC-09', 'ORD-STATIC-10']",80,26883.21557118268,16630.796462337545,0.0,4.547473508864641e-13,6.795012950897217,0.0,2565.792036471585,-2741.3764845551163,0.0,0.0,0.0,288.2531221393476
54,-2741.3764845551163,64871.22269887438,9810.735638029579,203251.9524715944,31,31,49,363,379,58,80,41,0,358,21,0,28,30,21,4,6,0,26883.21557118268,16630.796462337545,404.5783568339508,2565.792036471585,6000.0,0,405.49176836013794,-906.909107455445,358,358,"{'payload_exceed': 20, 'energy_not_enough': 1}",379,80,-940.3877903972912,28,28,"{'payload_exceed': 28, 'drone_not_at_independent_node': 2}",58,0.0,0.0,,False,404.5783568339508,0.0,0.0,44,-2741.3764845551163,923,1702,10,"['ORD-STATIC-01', 'ORD-STATIC-03', 'ORD-STATIC-04', 'ORD-STATIC-05', 'ORD-STATIC-09', 'ORD-STATIC-10']",80,26883.21557118268,16630.796462337545,0.0,4.547473508864641e-13,6.44281792640686,0.0,2565.792036471585,-2741.3764845551163,0.0,0.0,0.0,288.2531221393476
55,-2741.3764845551163,66976.24846492479,5990.627094423709,305013.8320461982,28,28,52,347,392,61,80,47,0,369,23,0,31,30,28,4,6,0,26883.21557118268,16630.796462337545,404.5783568339508,2565.792036471585,6000.0,0,411.96247124671936,-904.8447844768045,369,369,"{'payload_exceed': 21, 'energy_not_enough': 2}",392,80,-940.3877903972912,31,31,"{'payload_exceed': 26, 'drone_not_at_independent_node': 4}",61,0.0,0.0,,False,404.5783568339508,0.0,0.0,44,-2741.3764845551163,937,1740,11,"['ORD-STATIC-01', 'ORD-STATIC-03', 'ORD-STATIC-04', 'ORD-STATIC-05', 'ORD-STATIC-09', 'ORD-STATIC-10']",80,26883.21557118268,16630.796462337545,0.0,4.547473508864641e-13,6.470702886581421,0.0,2565.792036471585,-2741.3764845551163,0.0,0.0,0.0,288.2531221393476
56,-2741.3764845551163,65739.33118774605,98177.13119974206,299296.98059189046,26,26,54,355,389,56,80,40,0,358,31,0,35,21,26,4,6,0,26883.21557118268,16630.796462337545,404.5783568339508,2565.792036471585,6000.0,0,418.4354763031006,-906.2367795338698,358,358,"{'payload_exceed': 24, 'energy_not_enough': 7}",389,80,-940.3877903972912,35,35,"{'payload_exceed': 20, 'drone_not_at_independent_node': 1}",56,0.0,0.0,,False,404.5783568339508,0.0,0.0,44,-2741.3764845551163,952,1778,12,"['ORD-STATIC-01', 'ORD-STATIC-03', 'ORD-STATIC-04', 'ORD-STATIC-05', 'ORD-STATIC-09', 'ORD-STATIC-10']",80,26883.21557118268,16630.796462337545,0.0,4.547473508864641e-13,6.473005056381226,0.0,2565.792036471585,-2741.3764845551163,0.0,0.0,0.0,288.2531221393476
57,-2741.3764845551163,57064.12366154216,2562.6169508056482,300348.3397359528,30,30,50,365,378,57,80,39,0,351,27,0,39,18,32,4,6,0,26883.21557118268,16630.796462337545,404.5783568339508,2565.792036471585,6000.0,0,424.80304408073425,-904.7435807004252,351,351,"{'energy_not_enough': 12, 'payload_exceed': 15}",378,80,-940.3877903972912,39,39,"{'payload_exceed': 17, 'drone_not_at_independent_node': 1}",57,0.0,0.0,,False,404.5783568339508,0.0,0.0,44,-2741.3764845551163,959,1811,13,"['ORD-STATIC-01', 'ORD-STATIC-03', 'ORD-STATIC-04', 'ORD-STATIC-05', 'ORD-STATIC-09', 'ORD-STATIC-10']",80,26883.21557118268,16630.796462337545,0.0,4.547473508864641e-13,6.366562128067017,0.0,2565.792036471585,-2741.3764845551163,0.0,0.0,0.0,288.2531221393476
58,-2741.3764845551163,55995.86983475151,2571.8799480526095,300935.0094903851,34,34,46,371,376,53,80,36,0,350,26,0,35,18,26,4,6,0,26883.21557118268,16630.796462337545,404.5783568339508,2565.792036471585,6000.0,0,431.09165501594543,-907.1949250229754,350,350,"{'payload_exceed': 21, 'energy_not_enough': 5}",376,80,-940.3877903972912,35,35,"{'payload_exceed': 13, 'drone_not_at_independent_node': 5}",53,0.0,0.0,,False,404.5783568339508,0.0,0.0,44,-2741.3764845551163,976,1855,14,"['ORD-STATIC-01', 'ORD-STATIC-03', 'ORD-STATIC-04', 'ORD-STATIC-05', 'ORD-STATIC-09', 'ORD-STATIC-10']",80,26883.21557118268,16630.796462337545,0.0,4.547473508864641e-13,6.28768515586853,0.0,2565.792036471585,-2741.3764845551163,0.0,0.0,0.0,288.2531221393476
59,-2741.3764845551163,57341.153011884235,10502.873218252651,210349.5145934309,27,27,53,365,369,66,80,44,0,352,17,0,38,28,34,4,6,0,26883.21557118268,16630.796462337545,404.5783568339508,2565.792036471585,6000.0,0,437.43739223480225,-910.6048910882249,352,352,"{'payload_exceed': 13, 'energy_not_enough': 4}",369,80,-944.2159756388362,38,38,"{'payload_exceed': 24, 'drone_not_at_independent_node': 4}",66,0.0,0.0,,False,404.5783568339508,0.0,0.0,44,-2741.3764845551163,987,1889,15,"['ORD-STATIC-01', 'ORD-STATIC-03', 'ORD-STATIC-04', 'ORD-STATIC-05', 'ORD-STATIC-09', 'ORD-STATIC-10']",80,26883.21557118268,16630.796462337545,0.0,4.547473508864641e-13,6.347668647766113,0.0,2565.792036471585,-2741.3764845551163,0.0,0.0,0.0,288.2531221393476
60,-2741.3764845551163,72234.4873080456,97551.95372097907,297806.60721188603,28,28,52,361,372,67,80,47,0,347,25,0,35,32,31,4,6,0,26883.21557118268,16630.796462337545,404.5783568339508,2565.792036471585,6000.0,0,443.76359391212463,-908.8534927497319,347,347,"{'payload_exceed': 21, 'energy_not_enough': 4}",372,80,-957.1117137381095,35,35,"{'payload_exceed': 29, 'drone_not_at_independent_node': 3}",67,0.0,0.0,,False,404.5783568339508,0.0,0.0,44,-2741.3764845551163,1003,1929,16,"['ORD-STATIC-01', 'ORD-STATIC-03', 'ORD-STATIC-04', 'ORD-STATIC-05', 'ORD-STATIC-09', 'ORD-STATIC-10']",80,26883.21557118268,16630.796462337545,0.0,4.547473508864641e-13,6.326201677322388,0.0,2565.792036471585,-2741.3764845551163,0.0,0.0,0.0,288.2531221393476
61,-2825.388470943442,73851.98990267773,98279.04779793163,300252.8191399092,26,26,54,332,403,65,80,43,0,373,30,0,37,28,33,4,6,0,30536.999543667276,13938.43949864643,459.2035902364149,2449.9380518491357,6000.0,0,450.0690608024597,-909.7326351095886,373,373,"{'payload_exceed': 22, 'energy_not_enough': 8}",403,80,-940.3877903972912,37,37,"{'payload_exceed': 24, 'drone_not_at_independent_node': 4}",65,0.0,0.0,,False,459.2035902364149,0.0,0.0,61,-2825.388470943442,1016,1974,0,"['ORD-STATIC-01', 'ORD-STATIC-03', 'ORD-STATIC-04', 'ORD-STATIC-05', 'ORD-STATIC-09', 'ORD-STATIC-10']",80,30536.999543667276,13938.43949864643,0.0,-4.547473508864641e-13,6.305466890335083,0.0,2449.9380518491357,-2825.388470943442,0.0,0.0,0.0,265.4698869710078
62,-2825.388470943442,71117.13336022536,97760.88038330755,300288.26846203546,27,27,53,355,380,65,80,44,0,353,27,0,36,29,31,4,6,0,30536.999543667276,13938.43949864643,459.2035902364149,2449.9380518491357,6000.0,0,456.2943985462189,-905.7681402401577,353,353,"{'payload_exceed': 20, 'energy_not_enough': 7}",380,80,-945.6377664969722,36,36,"{'payload_exceed': 23, 'drone_not_at_independent_node': 6}",65,0.0,0.0,,False,459.2035902364149,0.0,0.0,61,-2825.388470943442,1024,2016,1,"['ORD-STATIC-01', 'ORD-STATIC-03', 'ORD-STATIC-04', 'ORD-STATIC-05', 'ORD-STATIC-09', 'ORD-STATIC-10']",80,30536.999543667276,13938.43949864643,0.0,-4.547473508864641e-13,6.225337743759155,0.0,2449.9380518491357,-2825.388470943442,0.0,0.0,0.0,265.4698869710078
63,-2825.388470943442,66775.0603003083,57815.511431894185,299936.71646716516,31,31,49,374,373,53,80,40,0,348,25,0,26,27,18,4,6,0,30536.999543667276,13938.43949864643,459.2035902364149,2449.9380518491357,6000.0,0,462.6879074573517,-909.8807318387346,348,348,"{'payload_exceed': 18, 'energy_not_enough': 7}",373,80,-953.0076964272821,26,26,"{'payload_exceed': 25, 'drone_not_at_independent_node': 2}",53,0.0,0.0,,False,459.2035902364149,0.0,0.0,61,-2825.388470943442,1036,2064,2,"['ORD-STATIC-01', 'ORD-STATIC-03', 'ORD-STATIC-04', 'ORD-STATIC-05', 'ORD-STATIC-09', 'ORD-STATIC-10']",80,30536.999543667276,13938.43949864643,0.0,-4.547473508864641e-13,6.3935089111328125,0.0,2449.9380518491357,-2825.388470943442,0.0,0.0,0.0,265.4698869710078
64,-2825.388470943442,60905.27654359429,3797.0171870956065,302193.51796874765,28,28,52,369,361,70,80,47,0,334,27,0,49,21,40,4,6,0,30536.999543667276,13938.43949864643,459.2035902364149,2449.9380518491357,6000.0,0,468.8816957473755,-910.3051802323096,334,334,"{'payload_exceed': 21, 'energy_not_enough': 6}",361,80,-940.3877903972912,49,49,"{'payload_exceed': 16, 'drone_not_at_independent_node': 5}",70,0.0,0.0,,False,459.2035902364149,0.0,0.0,61,-2825.388470943442,1050,2112,3,"['ORD-STATIC-01', 'ORD-STATIC-03', 'ORD-STATIC-04', 'ORD-STATIC-05', 'ORD-STATIC-09', 'ORD-STATIC-10']",80,30536.999543667276,13938.43949864643,0.0,-4.547473508864641e-13,6.19326376914978,0.0,2449.9380518491357,-2825.388470943442,0.0,0.0,0.0,265.4698869710078
65,-2940.947193017336,69283.85054871909,3949.448934809594,301104.914062568,26,26,54,367,357,76,80,48,0,329,28,0,49,27,45,4,6,0,22792.16180293523,14554.343769042898,343.0657751607812,2391.1057344051997,6000.0,0,475.34927201271057,-908.591331009301,329,329,"{'payload_exceed': 20, 'energy_not_enough': 8}",357,80,-957.8948495480547,49,49,"{'payload_exceed': 20, 'drone_not_at_independent_node': 7}",76,0.0,0.0,,False,343.0657751607812,0.0,0.0,65,-2940.947193017336,1063,2160,0,"['ORD-STATIC-01', 'ORD-STATIC-03', 'ORD-STATIC-04', 'ORD-STATIC-05', 'ORD-STATIC-09', 'ORD-STATIC-10']",80,22792.16180293523,14554.343769042898,0.0,-9.094947017729282e-13,6.464071035385132,0.0,2391.1057344051997,-2940.947193017336,0.0,0.0,0.0,324.8812974166839
66,-2940.947193017336,65480.590038990566,97908.95149828738,297705.5360332298,24,24,56,363,371,66,79,44,0,346,25,0,39,27,35,4,6,0,22792.16180293523,14554.343769042898,343.0657751607812,2391.1057344051997,6000.0,0,481.6057960987091,-913.4269343480679,346,346,"{'payload_exceed': 19, 'energy_not_enough': 6}",371,79,-960.9183768239051,39,39,"{'payload_exceed': 20, 'drone_not_at_independent_node': 7}",66,0.0,0.0,,False,343.0657751607812,0.0,0.0,65,-2940.947193017336,1076,2200,1,"['ORD-STATIC-01', 'ORD-STATIC-03', 'ORD-STATIC-04', 'ORD-STATIC-05', 'ORD-STATIC-09', 'ORD-STATIC-10']",80,22792.16180293523,14554.343769042898,0.0,-9.094947017729282e-13,6.26055383682251,0.0,2391.1057344051997,-2940.947193017336,0.0,0.0,0.0,324.8812974166839
67,-2940.947193017336,74165.19363685414,98726.87600594526,205851.32845543209,25,25,55,343,386,71,80,47,0,357,29,0,41,30,37,4,6,0,22792.16180293523,14554.343769042898,343.0657751607812,2391.1057344051997,6000.0,0,487.8678283691406,-916.2362223182588,357,357,"{'payload_exceed': 23, 'energy_not_enough': 6}",386,80,-960.9183768239052,41,41,"{'payload_exceed': 26, 'drone_not_at_independent_node': 4}",71,0.0,0.0,,False,343.0657751607812,0.0,0.0,65,-2940.947193017336,1092,2238,2,"['ORD-STATIC-01', 'ORD-STATIC-03', 'ORD-STATIC-04', 'ORD-STATIC-05', 'ORD-STATIC-09', 'ORD-STATIC-10']",80,22792.16180293523,14554.343769042898,0.0,-9.094947017729282e-13,6.2620322704315186,0.0,2391.1057344051997,-2940.947193017336,0.0,0.0,0.0,324.8812974166839
68,-2940.947193017336,63261.00827179259,6702.711963178923,301142.1909711086,35,35,45,351,399,50,80,37,0,376,23,0,23,27,21,4,6,0,22792.16180293523,14554.343769042898,343.0657751607812,2391.1057344051997,6000.0,0,494.19216752052307,-910.2531606550947,376,376,"{'payload_exceed': 18, 'energy_not_enough': 5}",399,80,-959.6155480787738,23,23,"{'payload_exceed': 25, 'drone_not_at_independent_node': 2}",50,0.0,0.0,,False,343.0657751607812,0.0,0.0,65,-2940.947193017336,1108,2277,3,"['ORD-STATIC-01', 'ORD-STATIC-03', 'ORD-STATIC-04', 'ORD-STATIC-05', 'ORD-STATIC-09', 'ORD-STATIC-10']",80,22792.16180293523,14554.343769042898,0.0,-9.094947017729282e-13,6.324339151382446,0.0,2391.1057344051997,-2940.947193017336,0.0,0.0,0.0,324.8812974166839
69,-2940.947193017336,55107.69656314443,6425.809826449796,299021.3459562835,37,37,43,362,396,42,80,31,0,369,27,0,26,16,23,4,6,0,22792.16180293523,14554.343769042898,343.0657751607812,2391.1057344051997,6000.0,0,500.38565015792847,-909.9068113865285,369,369,"{'payload_exceed': 20, 'energy_not_enough': 7}",396,80,-959.6155480787738,26,26,{'payload_exceed': 16},42,0.0,0.0,,False,343.0657751607812,0.0,0.0,65,-2940.947193017336,1120,2320,4,"['ORD-STATIC-01', 'ORD-STATIC-03', 'ORD-STATIC-04', 'ORD-STATIC-05', 'ORD-STATIC-09', 'ORD-STATIC-10']",80,22792.16180293523,14554.343769042898,0.0,-9.094947017729282e-13,6.1934826374053955,0.0,2391.1057344051997,-2940.947193017336,0.0,0.0,0.0,324.8812974166839
70,-2940.947193017336,51194.48732501829,2795.1222828478317,300772.79342734144,38,38,42,359,401,40,80,28,0,373,28,0,28,12,25,4,6,0,22792.16180293523,14554.343769042898,343.0657751607812,2391.1057344051997,6000.0,0,506.94855999946594,-914.0681861136324,373,373,"{'payload_exceed': 21, 'energy_not_enough': 7}",401,80,-966.045972217049,28,28,"{'payload_exceed': 10, 'drone_not_at_independent_node': 2}",40,0.0,0.0,,False,343.0657751607812,0.0,0.0,65,-2940.947193017336,1134,2356,5,"['ORD-STATIC-01', 'ORD-STATIC-03', 'ORD-STATIC-04', 'ORD-STATIC-05', 'ORD-STATIC-09', 'ORD-STATIC-10']",80,22792.16180293523,14554.343769042898,0.0,-9.094947017729282e-13,6.562909841537476,0.0,2391.1057344051997,-2940.947193017336,0.0,0.0,0.0,324.8812974166839
71,-2940.947193017336,57669.31716345883,3471.9346811713935,300807.36597291706,29,29,51,355,394,51,80,39,0,368,26,0,31,20,28,4,6,0,22792.16180293523,14554.343769042898,343.0657751607812,2391.1057344051997,6000.0,0,513.2658586502075,-916.9145665218955,368,368,"{'payload_exceed': 21, 'energy_not_enough': 5}",394,80,-945.2219365852046,31,31,{'payload_exceed': 20},51,0.0,0.0,,False,343.0657751607812,0.0,0.0,65,-2940.947193017336,1151,2396,6,"['ORD-STATIC-01', 'ORD-STATIC-03', 'ORD-STATIC-04', 'ORD-STATIC-05', 'ORD-STATIC-09', 'ORD-STATIC-10']",80,22792.16180293523,14554.343769042898,0.0,-9.094947017729282e-13,6.317298650741577,0.0,2391.1057344051997,-2940.947193017336,0.0,0.0,0.0,324.8812974166839
72,-2940.947193017336,50200.2404819799,2159.2500885147083,201545.8182034468,29,29,51,377,358,65,80,47,0,340,18,0,43,22,38,4,6,0,22792.16180293523,14554.343769042898,343.0657751607812,2391.1057344051997,6000.0,0,519.5548741817474,-908.9677201824106,340,340,"{'payload_exceed': 17, 'energy_not_enough': 1}",358,80,-943.084150884644,43,43,"{'payload_exceed': 19, 'drone_not_at_independent_node': 3}",65,0.0,0.0,,False,343.0657751607812,0.0,0.0,65,-2940.947193017336,1161,2432,7,"['ORD-STATIC-01', 'ORD-STATIC-03', 'ORD-STATIC-04', 'ORD-STATIC-05', 'ORD-STATIC-09', 'ORD-STATIC-10']",80,22792.16180293523,14554.343769042898,0.0,-9.094947017729282e-13,6.289015531539917,0.0,2391.1057344051997,-2940.947193017336,0.0,0.0,0.0,324.8812974166839
73,-3005.070907060823,48366.24513193869,4267.101470960325,302008.1983910512,30,30,50,353,390,57,80,43,0,368,22,0,41,16,38,4,6,0,28810.073727688312,12415.702512391166,433.1349563928271,2312.641460111476,6000.0,0,525.9474153518677,-916.8497538208588,368,368,{'payload_exceed': 22},390,80,-962.7121007996216,41,41,"{'payload_exceed': 11, 'drone_not_at_independent_node': 5}",57,0.0,0.0,,False,433.1349563928271,0.0,0.0,73,-3005.070907060823,1176,2462,0,"['ORD-STATIC-01', 'ORD-STATIC-03', 'ORD-STATIC-04', 'ORD-STATIC-05', 'ORD-STATIC-09', 'ORD-STATIC-10']",80,28810.073727688312,12415.702512391166,0.0,0.0,6.392541170120239,0.0,2312.641460111476,-3005.070907060823,0.0,0.0,0.0,249.15267643487385
74,-3005.070907060823,60502.906301942305,7371.824333418871,301292.4148265379,30,30,50,348,385,67,80,44,0,367,18,0,37,30,32,4,6,0,28810.073727688312,12415.702512391166,433.1349563928271,2312.641460111476,6000.0,0,532.2908737659454,-916.4756391242721,367,367,"{'payload_exceed': 17, 'energy_not_enough': 1}",385,80,-957.8948495480547,37,37,"{'payload_exceed': 25, 'drone_not_at_independent_node': 5}",67,0.0,0.0,,False,433.1349563928271,0.0,0.0,73,-3005.070907060823,1189,2507,1,"['ORD-STATIC-01', 'ORD-STATIC-03', 'ORD-STATIC-04', 'ORD-STATIC-05', 'ORD-STATIC-09', 'ORD-STATIC-10']",80,28810.073727688312,12415.702512391166,0.0,0.0,6.343458414077759,0.0,2312.641460111476,-3005.070907060823,0.0,0.0,0.0,249.15267643487385
75,-3005.070907060823,56667.76180165517,6531.131630379208,298379.00018134125,33,33,47,355,398,47,80,34,0,373,25,0,27,20,23,4,6,0,28810.073727688312,12415.702512391166,433.1349563928271,2312.641460111476,6000.0,0,538.6313698291779,-915.68947401316,373,373,"{'energy_not_enough': 6, 'payload_exceed': 19}",398,80,-957.8948495480547,27,27,"{'payload_exceed': 19, 'drone_not_at_independent_node': 1}",47,0.0,0.0,,False,433.1349563928271,0.0,0.0,73,-3005.070907060823,1194,2549,2,"['ORD-STATIC-01', 'ORD-STATIC-03', 'ORD-STATIC-04', 'ORD-STATIC-05', 'ORD-STATIC-09', 'ORD-STATIC-10']",80,28810.073727688312,12415.702512391166,0.0,0.0,6.340496063232422,0.0,2312.641460111476,-3005.070907060823,0.0,0.0,0.0,249.15267643487385
76,-3005.070907060823,53632.57698233983,1655.6019046792178,299343.04360261426,33,33,47,360,381,59,80,39,0,364,17,0,33,26,30,4,6,0,28810.073727688312,12415.702512391166,433.1349563928271,2312.641460111476,6000.0,0,545.3207893371582,-913.7737222798547,364,364,"{'payload_exceed': 16, 'energy_not_enough': 1}",381,80,-959.6155480787738,33,33,"{'payload_exceed': 24, 'drone_not_at_independent_node': 2}",59,0.0,0.0,,False,433.1349563928271,0.0,0.0,73,-3005.070907060823,1205,2600,3,"['ORD-STATIC-01', 'ORD-STATIC-03', 'ORD-STATIC-04', 'ORD-STATIC-05', 'ORD-STATIC-09', 'ORD-STATIC-10']",80,28810.073727688312,12415.702512391166,0.0,0.0,6.689419507980347,0.0,2312.641460111476,-3005.070907060823,0.0,0.0,0.0,249.15267643487385
77,-3005.070907060823,62357.66277413575,4225.129135112003,299454.5200745994,26,26,54,359,370,71,80,46,0,350,20,0,41,30,35,4,6,0,28810.073727688312,12415.702512391166,433.1349563928271,2312.641460111476,6000.0,0,551.7236533164978,-914.1182148349293,350,350,{'payload_exceed': 20},370,80,-955.5152638979474,41,41,"{'payload_exceed': 26, 'drone_not_at_independent_node': 4}",71,0.0,0.0,,False,433.1349563928271,0.0,0.0,73,-3005.070907060823,1215,2653,4,"['ORD-STATIC-01', 'ORD-STATIC-03', 'ORD-STATIC-04', 'ORD-STATIC-05', 'ORD-STATIC-09', 'ORD-STATIC-10']",80,28810.073727688312,12415.702512391166,0.0,0.0,6.4028639793396,0.0,2312.641460111476,-3005.070907060823,0.0,0.0,0.0,249.15267643487385
78,-3005.070907060823,55853.71612346589,3786.506106731597,297966.63281385397,19,19,61,368,360,72,80,57,0,338,22,0,50,22,46,4,6,0,28810.073727688312,12415.702512391166,433.1349563928271,2312.641460111476,6000.0,0,558.2303178310394,-913.8483665660211,338,338,{'payload_exceed': 22},360,80,-959.6155480787738,50,50,"{'payload_exceed': 19, 'drone_not_at_independent_node': 3}",72,0.0,0.0,,False,433.1349563928271,0.0,0.0,73,-3005.070907060823,1231,2697,5,"['ORD-STATIC-01', 'ORD-STATIC-03', 'ORD-STATIC-04', 'ORD-STATIC-05', 'ORD-STATIC-09', 'ORD-STATIC-10']",80,28810.073727688312,12415.702512391166,0.0,0.0,6.506664514541626,0.0,2312.641460111476,-3005.070907060823,0.0,0.0,0.0,249.15267643487385
79,-3005.070907060823,64977.21122250663,2166.1416336771604,300782.15375932475,22,22,58,358,356,86,80,54,0,340,16,0,50,36,46,4,6,0,28810.073727688312,12415.702512391166,433.1349563928271,2312.641460111476,6000.0,0,564.4426867961884,-920.9116587003194,340,340,"{'payload_exceed': 15, 'energy_not_enough': 1}",356,80,-965.0840470811244,50,50,"{'payload_exceed': 26, 'drone_not_at_independent_node': 10}",86,0.0,0.0,,False,433.1349563928271,0.0,0.0,73,-3005.070907060823,1240,2744,6,"['ORD-STATIC-01', 'ORD-STATIC-03', 'ORD-STATIC-04', 'ORD-STATIC-05', 'ORD-STATIC-09', 'ORD-STATIC-10']",80,28810.073727688312,12415.702512391166,0.0,0.0,6.212368965148926,0.0,2312.641460111476,-3005.070907060823,0.0,0.0,0.0,249.15267643487385
80,-3005.070907060823,61751.28378979545,5224.858192154155,301007.926433425,24,24,56,364,362,74,80,46,0,335,27,0,52,22,49,4,6,0,28810.073727688312,12415.702512391166,433.1349563928271,2312.641460111476,6000.0,0,570.4815607070923,-915.4572932656571,335,335,"{'payload_exceed': 25, 'energy_not_enough': 2}",362,80,-959.615548078774,52,52,"{'payload_exceed': 19, 'drone_not_at_independent_node': 3}",74,0.0,0.0,,False,433.1349563928271,0.0,0.0,73,-3005.070907060823,1256,2786,7,"['ORD-STATIC-01', 'ORD-STATIC-03', 'ORD-STATIC-04', 'ORD-STATIC-05', 'ORD-STATIC-09', 'ORD-STATIC-10']",80,28810.073727688312,12415.702512391166,0.0,0.0,6.038873910903931,0.0,2312.641460111476,-3005.070907060823,0.0,0.0,0.0,249.15267643487385
81,-3005.070907060823,72508.30666173258,4071.6716595233092,400108.97530553985,27,27,53,358,364,78,80,46,0,342,22,0,42,36,37,4,6,0,28810.073727688312,12415.702512391166,433.1349563928271,2312.641460111476,6000.0,0,576.7258920669556,-915.7469718875593,342,342,{'payload_exceed': 22},364,80,-959.615548078774,42,42,"{'payload_exceed': 30, 'drone_not_at_independent_node': 6}",78,0.0,0.0,,False,433.1349563928271,0.0,0.0,73,-3005.070907060823,1272,2826,8,"['ORD-STATIC-01', 'ORD-STATIC-03', 'ORD-STATIC-04', 'ORD-STATIC-05', 'ORD-STATIC-09', 'ORD-STATIC-10']",80,28810.073727688312,12415.702512391166,0.0,0.0,6.244331359863281,0.0,2312.641460111476,-3005.070907060823,0.0,0.0,0.0,249.15267643487385
82,-3005.070907060823,62907.52728166732,55205.1598567601,298739.786066939,23,23,57,372,365,63,80,44,0,337,28,0,41,22,35,4,6,0,28810.073727688312,12415.702512391166,433.1349563928271,2312.641460111476,6000.0,0,582.8851323127747,-913.5386229693095,337,337,"{'payload_exceed': 25, 'energy_not_enough': 3}",365,80,-966.0459722170491,41,41,"{'payload_exceed': 17, 'drone_not_at_independent_node': 5}",63,0.0,0.0,,False,433.1349563928271,0.0,0.0,73,-3005.070907060823,1289,2869,9,"['ORD-STATIC-01', 'ORD-STATIC-03', 'ORD-STATIC-04', 'ORD-STATIC-05', 'ORD-STATIC-09', 'ORD-STATIC-10']",80,28810.073727688312,12415.702512391166,0.0,0.0,6.159240245819092,0.0,2312.641460111476,-3005.070907060823,0.0,0.0,0.0,249.15267643487385
83,-3005.070907060823,54494.67072039794,2370.994350378228,298556.91392870655,19,19,61,371,359,70,80,55,0,336,23,0,50,20,47,4,6,0,28810.073727688312,12415.702512391166,433.1349563928271,2312.641460111476,6000.0,0,589.0143444538116,-916.8254450923731,336,336,"{'payload_exceed': 22, 'energy_not_enough': 1}",359,80,-965.0892567260039,50,50,"{'payload_exceed': 16, 'drone_not_at_independent_node': 4}",70,0.0,0.0,,False,433.1349563928271,0.0,0.0,73,-3005.070907060823,1303,2913,10,"['ORD-STATIC-01', 'ORD-STATIC-03', 'ORD-STATIC-04', 'ORD-STATIC-05', 'ORD-STATIC-09', 'ORD-STATIC-10']",80,28810.073727688312,12415.702512391166,0.0,0.0,6.129212141036987,0.0,2312.641460111476,-3005.070907060823,0.0,0.0,0.0,249.15267643487385
84,-3005.070907060823,64113.33894492497,98266.92018007084,201879.93771615182,16,16,64,364,343,93,80,62,0,323,20,0,62,31,55,4,6,0,28810.073727688312,12415.702512391166,433.1349563928271,2312.641460111476,6000.0,0,595.1956148147583,-912.6968084257687,323,323,{'payload_exceed': 20},343,80,-959.615548078774,62,62,"{'payload_exceed': 22, 'drone_not_at_independent_node': 9}",93,0.0,0.0,,False,433.1349563928271,0.0,0.0,73,-3005.070907060823,1316,2966,11,"['ORD-STATIC-01', 'ORD-STATIC-03', 'ORD-STATIC-04', 'ORD-STATIC-05', 'ORD-STATIC-09', 'ORD-STATIC-10']",80,28810.073727688312,12415.702512391166,0.0,0.0,6.181270360946655,0.0,2312.641460111476,-3005.070907060823,0.0,0.0,0.0,249.15267643487385
85,-3005.070907060823,71638.02585417559,9657.004220761748,300569.43403468403,23,23,57,343,369,88,80,54,0,346,23,0,54,34,45,4,6,0,28810.073727688312,12415.702512391166,433.1349563928271,2312.641460111476,6000.0,0,601.4520995616913,-915.832344878066,346,346,"{'payload_exceed': 20, 'energy_not_enough': 3}",369,80,-959.6155480787739,54,54,"{'payload_exceed': 30, 'drone_not_at_independent_node': 4}",88,0.0,0.0,,False,433.1349563928271,0.0,0.0,73,-3005.070907060823,1326,3002,12,"['ORD-STATIC-01', 'ORD-STATIC-03', 'ORD-STATIC-04', 'ORD-STATIC-05', 'ORD-STATIC-09', 'ORD-STATIC-10']",80,28810.073727688312,12415.702512391166,0.0,0.0,6.256484746932983,0.0,2312.641460111476,-3005.070907060823,0.0,0.0,0.0,249.15267643487385
86,-3005.070907060823,56828.53819408731,2255.971178385137,301879.6673600209,31,31,49,354,383,63,80,44,0,360,23,0,41,22,33,4,6,0,28810.073727688312,12415.702512391166,433.1349563928271,2312.641460111476,6000.0,0,607.8886497020721,-914.8057772231226,360,360,"{'payload_exceed': 21, 'energy_not_enough': 2}",383,80,-965.0892567260039,41,41,"{'payload_exceed': 19, 'drone_not_at_independent_node': 3}",63,0.0,0.0,,False,433.1349563928271,0.0,0.0,73,-3005.070907060823,1341,3044,13,"['ORD-STATIC-01', 'ORD-STATIC-03', 'ORD-STATIC-04', 'ORD-STATIC-05', 'ORD-STATIC-09', 'ORD-STATIC-10']",80,28810.073727688312,12415.702512391166,0.0,0.0,6.436550140380859,0.0,2312.641460111476,-3005.070907060823,0.0,0.0,0.0,249.15267643487385
87,-3005.070907060823,54116.058423799506,2874.5947840322224,299479.83782822266,30,30,50,359,384,57,80,38,0,362,22,0,36,21,32,4,6,0,28810.073727688312,12415.702512391166,433.1349563928271,2312.641460111476,6000.0,0,614.1422321796417,-919.2528558160544,362,362,"{'payload_exceed': 20, 'energy_not_enough': 2}",384,80,-966.0459722170491,36,36,"{'payload_exceed': 14, 'drone_not_at_independent_node': 7}",57,0.0,0.0,,False,433.1349563928271,0.0,0.0,73,-3005.070907060823,1356,3089,14,"['ORD-STATIC-01', 'ORD-STATIC-03', 'ORD-STATIC-04', 'ORD-STATIC-05', 'ORD-STATIC-09', 'ORD-STATIC-10']",80,28810.073727688312,12415.702512391166,0.0,0.0,6.25358247756958,0.0,2312.641460111476,-3005.070907060823,0.0,0.0,0.0,249.15267643487385
88,-3005.070907060823,42348.08513554006,3470.8910097324606,200479.20269117973,30,30,50,379,361,60,80,40,0,347,14,0,41,19,38,4,6,0,28810.073727688312,12415.702512391166,433.1349563928271,2312.641460111476,6000.0,0,620.50155210495,-918.9407191431408,347,347,"{'payload_exceed': 13, 'energy_not_enough': 1}",361,80,-966.0459722170491,41,41,"{'payload_exceed': 15, 'drone_not_at_independent_node': 4}",60,0.0,0.0,,False,433.1349563928271,0.0,0.0,73,-3005.070907060823,1363,3133,15,"['ORD-STATIC-01', 'ORD-STATIC-03', 'ORD-STATIC-04', 'ORD-STATIC-05', 'ORD-STATIC-09', 'ORD-STATIC-10']",80,28810.073727688312,12415.702512391166,0.0,0.0,6.3593199253082275,0.0,2312.641460111476,-3005.070907060823,0.0,0.0,0.0,249.15267643487385
89,-3005.070907060823,46752.257374096,1886.8989128990129,204823.94322157194,33,33,47,363,390,47,80,37,0,368,22,0,32,15,30,4,6,0,28810.073727688312,12415.702512391166,433.1349563928271,2312.641460111476,6000.0,0,626.8274056911469,-912.5336131819373,368,368,"{'payload_exceed': 21, 'energy_not_enough': 1}",390,80,-948.5734330717089,32,32,"{'payload_exceed': 13, 'drone_not_at_independent_node': 2}",47,0.0,0.0,,False,433.1349563928271,0.0,0.0,73,-3005.070907060823,1375,3163,16,"['ORD-STATIC-01', 'ORD-STATIC-03', 'ORD-STATIC-04', 'ORD-STATIC-05', 'ORD-STATIC-09', 'ORD-STATIC-10']",80,28810.073727688312,12415.702512391166,0.0,0.0,6.325853586196899,0.0,2312.641460111476,-3005.070907060823,0.0,0.0,0.0,249.15267643487385
90,-3005.070907060823,46737.523884587965,736.2969795505296,201738.76265353945,31,31,49,357,384,59,80,46,0,365,19,0,41,18,33,4,6,0,28810.073727688312,12415.702512391166,433.1349563928271,2312.641460111476,6000.0,0,633.1450901031494,-916.4737056493641,365,365,"{'payload_exceed': 18, 'energy_not_enough': 1}",384,80,-959.615548078774,41,41,"{'payload_exceed': 17, 'drone_not_at_independent_node': 1}",59,0.0,0.0,,False,433.1349563928271,0.0,0.0,73,-3005.070907060823,1387,3206,17,"['ORD-STATIC-01', 'ORD-STATIC-03', 'ORD-STATIC-04', 'ORD-STATIC-05', 'ORD-STATIC-09', 'ORD-STATIC-10']",80,28810.073727688312,12415.702512391166,0.0,0.0,6.3176844120025635,0.0,2312.641460111476,-3005.070907060823,0.0,0.0,0.0,249.15267643487385
91,-3058.4672288341444,61672.580879997244,4865.903562615031,299932.8020029645,25,25,55,350,380,70,80,50,0,355,25,0,46,24,42,4,6,0,28267.286150041422,12646.949688457113,424.9219622019269,2271.553836114167,6000.0,0,639.6740169525146,-914.9672148137166,355,355,"{'payload_exceed': 22, 'energy_not_enough': 3}",380,80,-959.6155480787738,46,46,"{'payload_exceed': 16, 'drone_not_at_independent_node': 8}",70,0.0,0.0,,False,424.9219622019269,0.0,0.0,91,-3058.4672288341444,1404,3259,0,"['ORD-STATIC-01', 'ORD-STATIC-03', 'ORD-STATIC-04', 'ORD-STATIC-05', 'ORD-STATIC-09', 'ORD-STATIC-10']",80,28267.286150041422,12646.949688457113,0.0,0.0,6.528926849365234,0.0,2271.553836114167,-3058.4672288341444,0.0,0.0,0.0,245.05697284976173
92,-3058.4672288341444,63400.68347542202,8668.067643171511,304338.67872995394,29,29,51,353,379,68,80,44,0,355,24,0,42,26,34,4,6,0,28267.286150041422,12646.949688457113,424.9219622019269,2271.553836114167,6000.0,0,646.064706325531,-912.6114765101953,355,355,"{'payload_exceed': 21, 'energy_not_enough': 3}",379,80,-945.1965531288172,42,42,"{'payload_exceed': 22, 'drone_not_at_independent_node': 4}",68,0.0,0.0,,False,424.9219622019269,0.0,0.0,91,-3058.4672288341444,1417,3310,1,"['ORD-STATIC-01', 'ORD-STATIC-03', 'ORD-STATIC-04', 'ORD-STATIC-05', 'ORD-STATIC-09', 'ORD-STATIC-10']",80,28267.286150041422,12646.949688457113,0.0,0.0,6.3900628089904785,0.0,2271.553836114167,-3058.4672288341444,0.0,0.0,0.0,245.05697284976173
93,-3058.4672288341444,67147.74884783453,98059.21740446342,201962.51921360727,20,20,60,347,377,76,80,50,0,352,25,0,48,28,41,4,6,0,28267.286150041422,12646.949688457113,424.9219622019269,2271.553836114167,6000.0,0,652.4091105461121,-917.6068554656524,352,352,"{'payload_exceed': 24, 'energy_not_enough': 1}",377,80,-965.089256726004,48,48,"{'payload_exceed': 25, 'drone_not_at_independent_node': 3}",76,0.0,0.0,,False,424.9219622019269,0.0,0.0,91,-3058.4672288341444,1431,3350,2,"['ORD-STATIC-01', 'ORD-STATIC-03', 'ORD-STATIC-04', 'ORD-STATIC-05', 'ORD-STATIC-09', 'ORD-STATIC-10']",80,28267.286150041422,12646.949688457113,0.0,0.0,6.345030784606934,0.0,2271.553836114167,-3058.4672288341444,0.0,0.0,0.0,245.05697284976173
94,-3058.4672288341444,71940.08507163239,97345.00548637708,397508.83188906265,29,29,51,361,376,63,80,40,0,348,28,0,34,29,28,4,6,0,28267.286150041422,12646.949688457113,424.9219622019269,2271.553836114167,6000.0,0,658.9798958301544,-912.6915339477406,348,348,"{'payload_exceed': 27, 'energy_not_enough': 1}",376,80,-959.615548078774,34,34,"{'payload_exceed': 24, 'drone_not_at_independent_node': 5}",63,0.0,0.0,,False,424.9219622019269,0.0,0.0,91,-3058.4672288341444,1445,3390,3,"['ORD-STATIC-01', 'ORD-STATIC-03', 'ORD-STATIC-04', 'ORD-STATIC-05', 'ORD-STATIC-09', 'ORD-STATIC-10']",80,28267.286150041422,12646.949688457113,0.0,0.0,6.568779945373535,0.0,2271.553836114167,-3058.4672288341444,0.0,0.0,0.0,245.05697284976173
95,-3058.4672288341444,65831.73104583127,97705.55014972066,399829.068897127,19,19,61,358,369,73,80,52,0,345,24,0,45,28,42,4,6,0,28267.286150041422,12646.949688457113,424.9219622019269,2271.553836114167,6000.0,0,665.5177280902863,-913.2092683608467,345,345,"{'payload_exceed': 22, 'energy_not_enough': 2}",369,80,-943.084150884644,45,45,"{'payload_exceed': 24, 'drone_not_at_independent_node': 4}",73,0.0,0.0,,False,424.9219622019269,0.0,0.0,91,-3058.4672288341444,1463,3435,4,"['ORD-STATIC-01', 'ORD-STATIC-03', 'ORD-STATIC-04', 'ORD-STATIC-05', 'ORD-STATIC-09', 'ORD-STATIC-10']",80,28267.286150041422,12646.949688457113,0.0,0.0,6.539837598800659,0.0,2271.553836114167,-3058.4672288341444,0.0,0.0,0.0,245.05697284976173
96,-3058.4672288341444,70824.59051198557,98641.919794733,300847.4643822076,22,22,58,359,355,86,80,50,0,331,24,0,54,32,49,4,6,0,28267.286150041422,12646.949688457113,424.9219622019269,2271.553836114167,6000.0,0,671.6518096923828,-910.2770193466725,331,331,"{'payload_exceed': 23, 'energy_not_enough': 1}",355,80,-959.6155480787739,54,54,"{'payload_exceed': 24, 'drone_not_at_independent_node': 8}",86,0.0,0.0,,False,424.9219622019269,0.0,0.0,91,-3058.4672288341444,1478,3487,5,"['ORD-STATIC-01', 'ORD-STATIC-03', 'ORD-STATIC-04', 'ORD-STATIC-05', 'ORD-STATIC-09', 'ORD-STATIC-10']",80,28267.286150041422,12646.949688457113,0.0,0.0,6.134081602096558,0.0,2271.553836114167,-3058.4672288341444,0.0,0.0,0.0,245.05697284976173
97,-3058.4672288341444,70934.72198730984,61425.35427915902,302800.38259060483,29,29,51,362,368,70,80,39,0,344,24,0,38,32,35,4,6,0,28267.286150041422,12646.949688457113,424.9219622019269,2271.553836114167,6000.0,0,677.9297201633453,-910.7875429457597,344,344,"{'payload_exceed': 23, 'energy_not_enough': 1}",368,80,-945.1965531288172,38,38,"{'payload_exceed': 26, 'drone_not_at_independent_node': 6}",70,0.0,0.0,,False,424.9219622019269,0.0,0.0,91,-3058.4672288341444,1496,3536,6,"['ORD-STATIC-01', 'ORD-STATIC-03', 'ORD-STATIC-04', 'ORD-STATIC-05', 'ORD-STATIC-09', 'ORD-STATIC-10']",80,28267.286150041422,12646.949688457113,0.0,0.0,6.277910470962524,0.0,2271.553836114167,-3058.4672288341444,0.0,0.0,0.0,245.05697284976173
98,-3058.4672288341444,69096.42663080289,97709.36674517943,303413.70102465205,19,19,61,359,360,81,80,54,0,332,28,0,54,27,48,4,6,0,28267.286150041422,12646.949688457113,424.9219622019269,2271.553836114167,6000.0,0,684.1331787109375,-916.8356537028528,332,332,"{'payload_exceed': 25, 'energy_not_enough': 3}",360,80,-947.5653220107546,54,54,"{'payload_exceed': 18, 'drone_not_at_independent_node': 9}",81,0.0,0.0,,False,424.9219622019269,0.0,0.0,91,-3058.4672288341444,1516,3580,7,"['ORD-STATIC-01', 'ORD-STATIC-03', 'ORD-STATIC-04', 'ORD-STATIC-05', 'ORD-STATIC-09', 'ORD-STATIC-10']",80,28267.286150041422,12646.949688457113,0.0,0.0,6.203458547592163,0.0,2271.553836114167,-3058.4672288341444,0.0,0.0,0.0,245.05697284976173
99,-3058.4672288341444,61439.15303894738,4141.822959217939,299949.3660657881,24,24,56,379,334,87,80,51,0,317,17,0,55,32,51,4,6,0,28267.286150041422,12646.949688457113,424.9219622019269,2271.553836114167,6000.0,0,690.434534072876,-917.0990325139048,317,317,"{'payload_exceed': 15, 'energy_not_enough': 2}",334,80,-959.9757847879475,55,55,"{'payload_exceed': 25, 'drone_not_at_independent_node': 7}",87,0.0,0.0,,False,424.9219622019269,0.0,0.0,91,-3058.4672288341444,1525,3621,8,"['ORD-STATIC-01', 'ORD-STATIC-03', 'ORD-STATIC-04', 'ORD-STATIC-05', 'ORD-STATIC-09', 'ORD-STATIC-10']",80,28267.286150041422,12646.949688457113,0.0,0.0,6.301355361938477,0.0,2271.553836114167,-3058.4672288341444,0.0,0.0,0.0,245.05697284976173
100,-3058.4672288341444,57343.31972953384,1744.1665774745013,300869.15866825276,33,33,47,365,373,62,80,42,0,355,18,0,34,28,31,4,6,0,28267.286150041422,12646.949688457113,424.9219622019269,2271.553836114167,6000.0,0,696.8482089042664,-921.8608573260766,355,355,"{'payload_exceed': 16, 'energy_not_enough': 2}",373,80,-965.089256726004,34,34,"{'payload_exceed': 25, 'drone_not_at_independent_node': 3}",62,0.0,0.0,,False,424.9219622019269,0.0,0.0,91,-3058.4672288341444,1537,3645,9,"['ORD-STATIC-01', 'ORD-STATIC-03', 'ORD-STATIC-04', 'ORD-STATIC-05', 'ORD-STATIC-09', 'ORD-STATIC-10']",80,28267.286150041422,12646.949688457113,0.0,0.0,6.413674831390381,0.0,2271.553836114167,-3058.4672288341444,0.0,0.0,0.0,245.05697284976173
101,-3058.4672288341444,43630.21810263947,1447.021365470284,203011.53064032912,38,38,42,364,392,44,80,32,0,377,15,0,24,20,22,4,6,0,28267.286150041422,12646.949688457113,424.9219622019269,2271.553836114167,6000.0,0,703.3159272670746,-921.5815101346823,377,377,"{'payload_exceed': 13, 'energy_not_enough': 2}",392,80,-951.8899691457758,24,24,"{'payload_exceed': 17, 'drone_not_at_independent_node': 3}",44,0.0,0.0,,False,424.9219622019269,0.0,0.0,91,-3058.4672288341444,1546,3682,10,"['ORD-STATIC-01', 'ORD-STATIC-03', 'ORD-STATIC-04', 'ORD-STATIC-05', 'ORD-STATIC-09', 'ORD-STATIC-10']",80,28267.286150041422,12646.949688457113,0.0,0.0,6.4677183628082275,0.0,2271.553836114167,-3058.4672288341444,0.0,0.0,0.0,245.05697284976173
102,-3058.4672288341444,55937.58052283345,2565.920809964387,300579.0149089237,34,34,46,351,403,46,80,37,0,381,22,0,23,23,22,4,6,0,28267.286150041422,12646.949688457113,424.9219622019269,2271.553836114167,6000.0,0,709.8484094142914,-922.3847347617736,381,381,"{'payload_exceed': 21, 'energy_not_enough': 1}",403,80,-951.8899691457758,23,23,{'payload_exceed': 23},46,0.0,0.0,,False,424.9219622019269,0.0,0.0,91,-3058.4672288341444,1560,3719,11,"['ORD-STATIC-01', 'ORD-STATIC-03', 'ORD-STATIC-04', 'ORD-STATIC-05', 'ORD-STATIC-09', 'ORD-STATIC-10']",80,28267.286150041422,12646.949688457113,0.0,0.0,6.532482147216797,0.0,2271.553836114167,-3058.4672288341444,0.0,0.0,0.0,245.05697284976173
103,-3058.4672288341444,72386.27155403512,97378.5999336894,299112.4929485178,26,26,54,345,400,55,80,40,0,373,27,0,24,31,22,4,6,0,28267.286150041422,12646.949688457113,424.9219622019269,2271.553836114167,6000.0,0,716.5216379165649,-920.2592544000776,373,373,"{'payload_exceed': 26, 'energy_not_enough': 1}",400,80,-965.0892567260039,24,24,"{'payload_exceed': 26, 'drone_not_at_independent_node': 5}",55,0.0,0.0,,False,424.9219622019269,0.0,0.0,91,-3058.4672288341444,1577,3757,12,"['ORD-STATIC-01', 'ORD-STATIC-03', 'ORD-STATIC-04', 'ORD-STATIC-05', 'ORD-STATIC-09', 'ORD-STATIC-10']",80,28267.286150041422,12646.949688457113,0.0,0.0,6.67322850227356,0.0,2271.553836114167,-3058.4672288341444,0.0,0.0,0.0,245.05697284976173
104,-3058.4672288341444,71449.6857483341,60514.34307712667,398908.5223536174,29,29,51,353,384,63,80,43,0,356,28,0,34,29,27,4,6,0,28267.286150041422,12646.949688457113,424.9219622019269,2271.553836114167,6000.0,0,723.0652828216553,-916.6826676952729,356,356,"{'payload_exceed': 27, 'energy_not_enough': 1}",384,80,-965.0892567260039,34,34,"{'payload_exceed': 27, 'drone_not_at_independent_node': 2}",63,0.0,0.0,,False,424.9219622019269,0.0,0.0,91,-3058.4672288341444,1585,3813,13,"['ORD-STATIC-01', 'ORD-STATIC-03', 'ORD-STATIC-04', 'ORD-STATIC-05', 'ORD-STATIC-09', 'ORD-STATIC-10']",80,28267.286150041422,12646.949688457113,0.0,0.0,6.542873859405518,0.0,2271.553836114167,-3058.4672288341444,0.0,0.0,0.0,245.05697284976173
105,-3058.4672288341444,77458.43043506767,98356.70779327422,208138.84154915388,18,18,62,331,399,70,80,48,0,367,32,0,40,30,35,4,6,0,28267.286150041422,12646.949688457113,424.9219622019269,2271.553836114167,6000.0,0,729.3154640197754,-919.5494034314046,367,367,"{'payload_exceed': 29, 'energy_not_enough': 3}",399,80,-965.0892567260039,40,40,"{'payload_exceed': 26, 'drone_not_at_independent_node': 4}",70,0.0,0.0,,False,424.9219622019269,0.0,0.0,91,-3058.4672288341444,1601,3850,14,"['ORD-STATIC-01', 'ORD-STATIC-03', 'ORD-STATIC-04', 'ORD-STATIC-05', 'ORD-STATIC-09', 'ORD-STATIC-10']",80,28267.286150041422,12646.949688457113,0.0,0.0,6.250952243804932,0.0,2271.553836114167,-3058.4672288341444,0.0,0.0,0.0,245.05697284976173
106,-3058.4672288341444,61588.01299875161,8278.662812319451,298592.3151134717,25,25,55,359,373,68,80,46,0,349,24,0,43,25,40,4,6,0,28267.286150041422,12646.949688457113,424.9219622019269,2271.553836114167,6000.0,0,736.0423152446747,-913.632225012105,349,349,{'payload_exceed': 24},373,80,-965.089256726004,43,43,"{'payload_exceed': 17, 'drone_not_at_independent_node': 8}",68,0.0,0.0,,False,424.9219622019269,0.0,0.0,91,-3058.4672288341444,1619,3894,15,"['ORD-STATIC-01', 'ORD-STATIC-03', 'ORD-STATIC-04', 'ORD-STATIC-05', 'ORD-STATIC-09', 'ORD-STATIC-10']",80,28267.286150041422,12646.949688457113,0.0,0.0,6.724081516265869,0.0,2271.553836114167,-3058.4672288341444,0.0,0.0,0.0,245.05697284976173
107,-3058.4672288341444,46953.48481714427,1775.5053049801263,300804.57245747966,32,32,48,353,383,64,80,44,0,367,16,0,43,21,40,4,6,0,28267.286150041422,12646.949688457113,424.9219622019269,2271.553836114167,6000.0,0,742.686853647232,-922.3320146844856,367,367,"{'payload_exceed': 12, 'energy_not_enough': 4}",383,80,-951.233918546873,43,43,"{'payload_exceed': 14, 'drone_not_at_independent_node': 7}",64,0.0,0.0,,False,424.9219622019269,0.0,0.0,91,-3058.4672288341444,1629,3927,16,"['ORD-STATIC-01', 'ORD-STATIC-03', 'ORD-STATIC-04', 'ORD-STATIC-05', 'ORD-STATIC-09', 'ORD-STATIC-10']",80,28267.286150041422,12646.949688457113,0.0,0.0,6.646300554275513,0.0,2271.553836114167,-3058.4672288341444,0.0,0.0,0.0,245.05697284976173
108,-3058.4672288341444,42653.6403266235,1370.2896519083959,200915.4784553188,31,31,49,355,390,55,80,41,0,373,17,0,38,17,34,4,6,0,28267.286150041422,12646.949688457113,424.9219622019269,2271.553836114167,6000.0,0,749.2217593193054,-922.0258379878281,373,373,"{'payload_exceed': 15, 'energy_not_enough': 2}",390,80,-943.3570908865233,38,38,"{'payload_exceed': 16, 'drone_not_at_independent_node': 1}",55,0.0,0.0,,False,424.9219622019269,0.0,0.0,91,-3058.4672288341444,1639,3977,17,"['ORD-STATIC-01', 'ORD-STATIC-03', 'ORD-STATIC-04', 'ORD-STATIC-05', 'ORD-STATIC-09', 'ORD-STATIC-10']",80,28267.286150041422,12646.949688457113,0.0,0.0,6.5359132289886475,0.0,2271.553836114167,-3058.4672288341444,0.0,0.0,0.0,245.05697284976173
109,-3058.4672288341444,66415.61071187968,4549.369178412156,299541.72193780425,23,23,57,333,401,66,80,47,0,368,33,0,46,20,43,4,6,0,28267.286150041422,12646.949688457113,424.9219622019269,2271.553836114167,6000.0,0,755.4975609779358,-917.1621713779972,368,368,"{'payload_exceed': 31, 'energy_not_enough': 2}",401,80,-966.0459722170491,46,46,"{'payload_exceed': 15, 'drone_not_at_independent_node': 5}",66,0.0,0.0,,False,424.9219622019269,0.0,0.0,91,-3058.4672288341444,1663,4017,18,"['ORD-STATIC-01', 'ORD-STATIC-03', 'ORD-STATIC-04', 'ORD-STATIC-05', 'ORD-STATIC-09', 'ORD-STATIC-10']",80,28267.286150041422,12646.949688457113,0.0,0.0,6.27480149269104,0.0,2271.553836114167,-3058.4672288341444,0.0,0.0,0.0,245.05697284976173
110,-3058.4672288341444,78223.84802130696,98230.9937103412,399526.61081320356,26,26,54,327,401,72,80,48,0,375,26,0,35,37,32,4,6,0,28267.286150041422,12646.949688457113,424.9219622019269,2271.553836114167,6000.0,0,761.635023355484,-921.1678057951838,375,375,"{'payload_exceed': 24, 'energy_not_enough': 2}",401,80,-966.0459722170491,35,35,"{'payload_exceed': 33, 'drone_not_at_independent_node': 4}",72,0.0,0.0,,False,424.9219622019269,0.0,0.0,91,-3058.4672288341444,1678,4063,19,"['ORD-STATIC-01', 'ORD-STATIC-03', 'ORD-STATIC-04', 'ORD-STATIC-05', 'ORD-STATIC-09', 'ORD-STATIC-10']",80,28267.286150041422,12646.949688457113,0.0,0.0,6.138462543487549,0.0,2271.553836114167,-3058.4672288341444,0.0,0.0,0.0,245.05697284976173
111,-3058.4672288341444,63464.129513843276,51439.95447126005,299201.4278121188,27,27,53,353,389,58,80,40,0,362,27,0,34,24,31,4,6,0,28267.286150041422,12646.949688457113,424.9219622019269,2271.553836114167,6000.0,0,767.9568121433258,-921.4798931543558,362,362,"{'payload_exceed': 24, 'energy_not_enough': 3}",389,80,-965.089256726004,34,34,"{'payload_exceed': 19, 'drone_not_at_independent_node': 5}",58,0.0,0.0,,False,424.9219622019269,0.0,0.0,91,-3058.4672288341444,1695,4121,20,"['ORD-STATIC-01', 'ORD-STATIC-03', 'ORD-STATIC-04', 'ORD-STATIC-05', 'ORD-STATIC-09', 'ORD-STATIC-10']",80,28267.286150041422,12646.949688457113,0.0,0.0,6.321788787841797,0.0,2271.553836114167,-3058.4672288341444,0.0,0.0,0.0,245.05697284976173
112,-3058.4672288341444,58522.68048635288,1867.7194081656346,301302.81347265793,27,27,53,360,375,65,80,48,0,354,21,0,39,26,35,4,6,0,28267.286150041422,12646.949688457113,424.9219622019269,2271.553836114167,6000.0,0,774.189019203186,-915.9513258707836,354,354,"{'payload_exceed': 18, 'energy_not_enough': 3}",375,80,-965.089256726004,39,39,"{'payload_exceed': 22, 'drone_not_at_independent_node': 4}",65,0.0,0.0,,False,424.9219622019269,0.0,0.0,91,-3058.4672288341444,1705,4156,21,"['ORD-STATIC-01', 'ORD-STATIC-03', 'ORD-STATIC-04', 'ORD-STATIC-05', 'ORD-STATIC-09', 'ORD-STATIC-10']",80,28267.286150041422,12646.949688457113,0.0,0.0,6.227168560028076,0.0,2271.553836114167,-3058.4672288341444,0.0,0.0,0.0,245.05697284976173
113,-3058.4672288341444,41065.23717858033,700.2053751324052,299309.3127663122,35,35,45,361,386,53,80,36,0,366,20,0,40,13,34,4,6,0,28267.286150041422,12646.949688457113,424.9219622019269,2271.553836114167,6000.0,0,780.569100856781,-919.9524511605699,366,366,"{'payload_exceed': 19, 'energy_not_enough': 1}",386,80,-965.089256726004,40,40,"{'payload_exceed': 11, 'drone_not_at_independent_node': 2}",53,0.0,0.0,,False,424.9219622019269,0.0,0.0,91,-3058.4672288341444,1717,4189,22,"['ORD-STATIC-01', 'ORD-STATIC-03', 'ORD-STATIC-04', 'ORD-STATIC-05', 'ORD-STATIC-09', 'ORD-STATIC-10']",80,28267.286150041422,12646.949688457113,0.0,0.0,6.385120153427124,0.0,2271.553836114167,-3058.4672288341444,0.0,0.0,0.0,245.05697284976173
114,-3058.4672288341444,55947.737168990156,2267.1723475217404,300059.4727581147,28,28,52,348,392,60,80,40,0,371,21,0,36,24,32,4,6,0,28267.286150041422,12646.949688457113,424.9219622019269,2271.553836114167,6000.0,0,786.9987735748291,-919.1567129774209,371,371,"{'payload_exceed': 20, 'energy_not_enough': 1}",392,80,-965.089256726004,36,36,"{'payload_exceed': 19, 'drone_not_at_independent_node': 5}",60,0.0,0.0,,False,424.9219622019269,0.0,0.0,91,-3058.4672288341444,1733,4236,23,"['ORD-STATIC-01', 'ORD-STATIC-03', 'ORD-STATIC-04', 'ORD-STATIC-05', 'ORD-STATIC-09', 'ORD-STATIC-10']",80,28267.286150041422,12646.949688457113,0.0,0.0,6.429672718048096,0.0,2271.553836114167,-3058.4672288341444,0.0,0.0,0.0,245.05697284976173
115,-3058.4672288341444,65597.83918405879,11027.157657349026,399033.279652195,25,25,55,368,368,64,80,44,0,340,28,0,40,24,38,4,6,0,28267.286150041422,12646.949688457113,424.9219622019269,2271.553836114167,6000.0,0,793.2501082420349,-917.3176723095219,340,340,"{'payload_exceed': 23, 'energy_not_enough': 5}",368,80,-965.089256726004,40,40,"{'payload_exceed': 16, 'drone_not_at_independent_node': 8}",64,0.0,0.0,,False,424.9219622019269,0.0,0.0,91,-3058.4672288341444,1748,4280,24,"['ORD-STATIC-01', 'ORD-STATIC-03', 'ORD-STATIC-04', 'ORD-STATIC-05', 'ORD-STATIC-09', 'ORD-STATIC-10']",80,28267.286150041422,12646.949688457113,0.0,0.0,6.2513346672058105,0.0,2271.553836114167,-3058.4672288341444,0.0,0.0,0.0,245.05697284976173
116,-3058.4672288341444,59486.73779073432,22680.474130629736,202885.17034594654,28,28,52,372,366,62,80,40,0,343,23,0,38,24,34,4,6,0,28267.286150041422,12646.949688457113,424.9219622019269,2271.553836114167,6000.0,0,799.5566382408142,-915.4030260486479,343,343,"{'payload_exceed': 21, 'energy_not_enough': 2}",366,80,-965.089256726004,38,38,"{'payload_exceed': 18, 'drone_not_at_independent_node': 6}",62,0.0,0.0,,False,424.9219622019269,0.0,0.0,91,-3058.4672288341444,1760,4309,25,"['ORD-STATIC-01', 'ORD-STATIC-03', 'ORD-STATIC-04', 'ORD-STATIC-05', 'ORD-STATIC-09', 'ORD-STATIC-10']",80,28267.286150041422,12646.949688457113,0.0,0.0,6.306529998779297,0.0,2271.553836114167,-3058.4672288341444,0.0,0.0,0.0,245.05697284976173
117,-3058.4672288341444,39927.94974152753,2302.9754973657928,199862.59322981944,34,34,46,381,366,53,80,39,0,350,16,0,38,15,32,4,6,0,28267.286150041422,12646.949688457113,424.9219622019269,2271.553836114167,6000.0,0,806.0116724967957,-914.8312036274243,350,350,"{'payload_exceed': 13, 'energy_not_enough': 3}",366,80,-965.089256726004,38,38,{'payload_exceed': 15},53,0.0,0.0,,False,424.9219622019269,0.0,0.0,91,-3058.4672288341444,1770,4361,26,"['ORD-STATIC-01', 'ORD-STATIC-03', 'ORD-STATIC-04', 'ORD-STATIC-05', 'ORD-STATIC-09', 'ORD-STATIC-10']",80,28267.286150041422,12646.949688457113,0.0,0.0,6.454031944274902,0.0,2271.553836114167,-3058.4672288341444,0.0,0.0,0.0,245.05697284976173
118,-3058.4672288341444,52928.38633942562,4792.3155967227285,301220.0664395716,31,31,49,380,352,68,80,46,0,332,20,0,47,21,40,4,6,0,28267.286150041422,12646.949688457113,424.9219622019269,2271.553836114167,6000.0,0,812.3973023891449,-912.750754012515,332,332,{'payload_exceed': 20},352,80,-965.089256726004,47,47,"{'payload_exceed': 16, 'drone_not_at_independent_node': 5}",68,0.0,0.0,,False,424.9219622019269,0.0,0.0,91,-3058.4672288341444,1784,4405,27,"['ORD-STATIC-01', 'ORD-STATIC-03', 'ORD-STATIC-04', 'ORD-STATIC-05', 'ORD-STATIC-09', 'ORD-STATIC-10']",80,28267.286150041422,12646.949688457113,0.0,0.0,6.381618499755859,0.0,2271.553836114167,-3058.4672288341444,0.0,0.0,0.0,245.05697284976173
119,-3058.4672288341444,58227.69032889961,3164.78155064959,202319.3778986699,24,24,56,382,345,73,80,51,0,324,21,0,48,25,40,4,6,0,28267.286150041422,12646.949688457113,424.9219622019269,2271.553836114167,6000.0,0,819.1644794940948,-911.6625664549583,324,324,"{'payload_exceed': 19, 'energy_not_enough': 2}",345,80,-967.4633242506206,48,48,"{'payload_exceed': 16, 'drone_not_at_independent_node': 9}",73,0.0,0.0,,False,424.9219622019269,0.0,0.0,91,-3058.4672288341444,1800,4443,28,"['ORD-STATIC-01', 'ORD-STATIC-03', 'ORD-STATIC-04', 'ORD-STATIC-05', 'ORD-STATIC-09', 'ORD-STATIC-10']",80,28267.286150041422,12646.949688457113,0.0,0.0,6.772190809249878,0.0,2271.553836114167,-3058.4672288341444,0.0,0.0,0.0,245.05697284976173
120,-3058.4672288341444,49469.30782488472,3812.037959882902,203541.53789101477,27,27,53,380,345,75,80,51,0,330,15,0,51,24,46,4,6,0,28267.286150041422,12646.949688457113,424.9219622019269,2271.553836114167,6000.0,0,825.7009773254395,-912.1115037450994,330,330,{'payload_exceed': 15},345,80,-965.089256726004,51,51,"{'payload_exceed': 16, 'drone_not_at_independent_node': 8}",75,0.0,0.0,,False,424.9219622019269,0.0,0.0,91,-3058.4672288341444,1816,4492,28,"['ORD-STATIC-01', 'ORD-STATIC-03', 'ORD-STATIC-04', 'ORD-STATIC-05', 'ORD-STATIC-09', 'ORD-STATIC-10']",80,28267.286150041422,12646.949688457113,0.0,0.0,6.5364978313446045,0.0,2271.553836114167,-3058.4672288341444,0.0,0.0,0.0,245.05697284976173
